2023-12-11 23:50:30 - [INFO] CUDA init complete
2023-12-11 23:50:30 - [INFO] success load module: /home/jxdeng/workspace/tacker/runtime/cubins/ori_cp.cubin
2023-12-11 23:50:30 - [INFO] success load module: /home/jxdeng/workspace/tacker/runtime/cubins/cp_fft.cubin
2023-12-11 23:50:30 - [INFO] kernel name: Task1 CP 1, id: 1 is loading ...
2023-12-11 23:50:30 - [INFO] success load function: _Z6ori_cpifPf
2023-12-11 23:50:30 - [INFO] kernel name: Task2 CP 1, id: 2 is loading ...
2023-12-11 23:50:30 - [INFO] success find function: _Z6ori_cpifPf
2023-12-11 23:50:30 - [INFO] kernel name: Task2 CP 2, id: 3 is loading ...
2023-12-11 23:50:30 - [INFO] success find function: _Z6ori_cpifPf
2023-12-11 23:50:30 - [INFO] kernel name: Task2 CP 3, id: 4 is loading ...
2023-12-11 23:50:30 - [INFO] success find function: _Z6ori_cpifPf
2023-12-11 23:50:30 - [INFO] kernel name: gptb-make-cp, id: 5 is loading ...
2023-12-11 23:50:30 - [INFO] success find function: _Z6ori_cpifPf
2023-12-11 23:50:30 - [INFO] kernel name: _Z16g_general_ptb_cpifPfiiiiiiiiii, id: 6 is loading ...
2023-12-11 23:50:30 - [INFO] success load function: _Z16g_general_ptb_cpifPfiiiiiiiiii
2023-12-11 23:50:30 - [INFO] kernel name: Task1 CP 1, id: 1 is executing ...
2023-12-11 23:50:30 - [INFO] kernel name: Task1 CP 1, kernel time: 2.937120 ms
2023-12-11 23:50:30 - [INFO] [OriCPKernel] id: 1 is destroyed!
2023-12-11 23:50:30 - [INFO] kernel name: Task2 CP 1, id: 2 is executing ...
2023-12-11 23:50:30 - [INFO] kernel name: Task2 CP 1, kernel time: 2.934528 ms
2023-12-11 23:50:30 - [INFO] [OriCPKernel] id: 2 is destroyed!
2023-12-11 23:50:30 - [INFO] kernel name: Task2 CP 2, id: 3 is executing ...
2023-12-11 23:50:30 - [INFO] kernel name: Task2 CP 2, kernel time: 2.936160 ms
2023-12-11 23:50:30 - [INFO] [OriCPKernel] id: 3 is destroyed!
2023-12-11 23:50:30 - [INFO] kernel name: Task2 CP 3, id: 4 is executing ...
2023-12-11 23:50:30 - [INFO] kernel name: Task2 CP 3, kernel time: 2.934080 ms
2023-12-11 23:50:30 - [INFO] [OriCPKernel] id: 4 is destroyed!
2023-12-11 23:50:30 - [INFO] kernel name: _Z16g_general_ptb_cpifPfiiiiiiiiii, kernel time: 3.440608 ms
2023-12-11 23:50:30 - [INFO] kernel name: _Z16g_general_ptb_cpifPfiiiiiiiiii, id: 6 is destroyed!
2023-12-11 23:50:30 - [INFO] [OriCPKernel] id: 5 is destroyed!
2023-12-11 23:50:30 - [INFO] task name: Task3, id: 3 is destroyed!
2023-12-11 23:50:30 - [INFO] task name: Task2, id: 2 is destroyed!
2023-12-11 23:50:30 - [INFO] task name: Task1, id: 1 is destroyed!
2023-12-11 23:50:30 - [INFO] Tacker exit
2023-12-11 23:50:30 - [INFO] TaskManager is destroyed!
2023-12-11 23:56:09 - [INFO] CUDA init complete
2023-12-11 23:56:09 - [INFO] success load module: /home/jxdeng/workspace/tacker/runtime/cubins/ori_cp.cubin
2023-12-11 23:56:09 - [INFO] success load module: /home/jxdeng/workspace/tacker/runtime/cubins/cp_fft.cubin
2023-12-11 23:56:09 - [INFO] kernel name: Task1 CP 1, id: 1 is loading ...
2023-12-11 23:56:09 - [INFO] success load function: _Z6ori_cpifPf
2023-12-11 23:56:09 - [INFO] kernel name: Task2 CP 1, id: 2 is loading ...
2023-12-11 23:56:09 - [INFO] success find function: _Z6ori_cpifPf
2023-12-11 23:56:09 - [INFO] kernel name: Task2 CP 2, id: 3 is loading ...
2023-12-11 23:56:09 - [INFO] success find function: _Z6ori_cpifPf
2023-12-11 23:56:09 - [INFO] kernel name: Task2 CP 3, id: 4 is loading ...
2023-12-11 23:56:09 - [INFO] success find function: _Z6ori_cpifPf
2023-12-11 23:56:09 - [INFO] kernel name: gptb-make-cp, id: 5 is loading ...
2023-12-11 23:56:09 - [INFO] success find function: _Z6ori_cpifPf
2023-12-11 23:56:09 - [INFO] kernel name: _Z16g_general_ptb_cpifPfiiiiiiiiii, id: 6 is loading ...
2023-12-11 23:56:09 - [INFO] success load function: _Z16g_general_ptb_cpifPfiiiiiiiiii
2023-12-11 23:56:09 - [INFO] kernel name: Task1 CP 1, id: 1 is executing ...
2023-12-11 23:56:09 - [INFO] kernel name: Task1 CP 1, kernel time: 2.936576 ms
2023-12-11 23:56:09 - [INFO] [OriCPKernel] id: 1 is destroyed!
2023-12-11 23:56:09 - [INFO] kernel name: Task2 CP 1, id: 2 is executing ...
2023-12-11 23:56:09 - [INFO] kernel name: Task2 CP 1, kernel time: 2.931424 ms
2023-12-11 23:56:09 - [INFO] [OriCPKernel] id: 2 is destroyed!
2023-12-11 23:56:09 - [INFO] kernel name: Task2 CP 2, id: 3 is executing ...
2023-12-11 23:56:09 - [INFO] kernel name: Task2 CP 2, kernel time: 2.932288 ms
2023-12-11 23:56:09 - [INFO] [OriCPKernel] id: 3 is destroyed!
2023-12-11 23:56:09 - [INFO] kernel name: Task2 CP 3, id: 4 is executing ...
2023-12-11 23:56:09 - [INFO] kernel name: Task2 CP 3, kernel time: 2.933152 ms
2023-12-11 23:56:09 - [INFO] [OriCPKernel] id: 4 is destroyed!
2023-12-11 23:56:09 - [INFO] kernel name: _Z16g_general_ptb_cpifPfiiiiiiiiii, kernel time: 3.465216 ms
2023-12-11 23:56:09 - [INFO] kernel name: _Z16g_general_ptb_cpifPfiiiiiiiiii, id: 6 is destroyed!
2023-12-11 23:56:09 - [INFO] [OriCPKernel] id: 5 is destroyed!
2023-12-11 23:56:09 - [INFO] task name: Task3, id: 3 is destroyed!
2023-12-11 23:56:09 - [INFO] task name: Task2, id: 2 is destroyed!
2023-12-11 23:56:09 - [INFO] task name: Task1, id: 1 is destroyed!
2023-12-11 23:56:09 - [INFO] Tacker exit
2023-12-11 23:56:09 - [INFO] TaskManager is destroyed!
2023-12-12 20:08:27 - [INFO] CUDA init complete
2023-12-12 20:08:27 - [INFO] success load module: /home/jxdeng/workspace/tacker/runtime/cubins/ori_cp.cubin
2023-12-12 20:08:27 - [INFO] success load module: /home/jxdeng/workspace/tacker/runtime/cubins/cp_fft.cubin
2023-12-12 20:08:27 - [INFO] success load module: /home/jxdeng/workspace/tacker/runtime/cubins/ori_cutcp.cubin
2023-12-12 20:08:27 - [INFO] kernel name: Task1 CP 1, id: 1 is loading ...
2023-12-12 20:08:27 - [INFO] success load function: _Z6ori_cpifPf
2023-12-12 20:08:27 - [INFO] kernel name: Task2 CP 1, id: 2 is loading ...
2023-12-12 20:08:27 - [INFO] success find function: _Z6ori_cpifPf
2023-12-12 20:08:27 - [INFO] kernel name: Task2 CP 2, id: 3 is loading ...
2023-12-12 20:08:27 - [INFO] success find function: _Z6ori_cpifPf
2023-12-12 20:08:27 - [INFO] kernel name: Task2 CP 3, id: 4 is loading ...
2023-12-12 20:08:27 - [INFO] success find function: _Z6ori_cpifPf
2023-12-12 20:08:27 - [INFO] kernel name: gptb-make-cp, id: 5 is loading ...
2023-12-12 20:08:27 - [INFO] success find function: _Z6ori_cpifPf
2023-12-12 20:08:27 - [INFO] kernel name: _Z16g_general_ptb_cpifPfiiiiiiiiii, id: 6 is loading ...
2023-12-12 20:08:27 - [INFO] success load function: _Z16g_general_ptb_cpifPfiiiiiiiiii
2023-12-12 20:08:27 - [INFO] kernel name: _Z9ori_cutcpiiP6float4fffPfi, id: 7 is loading ...
2023-12-12 20:08:27 - [INFO] success load function: _Z9ori_cutcpiiP6float4fffPfi
2023-12-12 20:08:28 - [INFO] kernel name: _Z9ori_cutcpiiP6float4fffPfi, id: 8 is loading ...
2023-12-12 20:08:28 - [INFO] success find function: _Z9ori_cutcpiiP6float4fffPfi
2023-12-12 20:08:28 - [INFO] kernel name: Task1 CP 1, id: 1 is executing ...
2023-12-12 20:08:28 - [INFO] kernel name: Task1 CP 1, kernel time: 2.912576 ms
2023-12-12 20:08:28 - [INFO] [OriCPKernel] id: 1 is destroyed!
2023-12-12 20:08:28 - [INFO] kernel name: Task2 CP 1, id: 2 is executing ...
2023-12-12 20:08:28 - [INFO] kernel name: Task2 CP 1, kernel time: 2.909472 ms
2023-12-12 20:08:28 - [INFO] [OriCPKernel] id: 2 is destroyed!
2023-12-12 20:08:28 - [INFO] kernel name: Task2 CP 2, id: 3 is executing ...
2023-12-12 20:08:28 - [INFO] kernel name: Task2 CP 2, kernel time: 2.908160 ms
2023-12-12 20:08:28 - [INFO] [OriCPKernel] id: 3 is destroyed!
2023-12-12 20:08:28 - [INFO] kernel name: Task2 CP 3, id: 4 is executing ...
2023-12-12 20:08:28 - [INFO] kernel name: Task2 CP 3, kernel time: 2.908160 ms
2023-12-12 20:08:28 - [INFO] [OriCPKernel] id: 4 is destroyed!
2023-12-12 20:08:28 - [INFO] kernel name: _Z16g_general_ptb_cpifPfiiiiiiiiii, kernel time: 3.433440 ms
2023-12-12 20:08:28 - [INFO] kernel name: _Z16g_general_ptb_cpifPfiiiiiiiiii, id: 6 is destroyed!
2023-12-12 20:08:28 - [INFO] kernel name: _Z9ori_cutcpiiP6float4fffPfi, id: 7 is executing ...
2023-12-12 20:17:49 - [INFO] CUDA init complete
2023-12-12 20:17:49 - [INFO] success load module: /home/jxdeng/workspace/tacker/runtime/cubins/ori_cp.cubin
2023-12-12 20:17:49 - [INFO] success load module: /home/jxdeng/workspace/tacker/runtime/cubins/cp_fft.cubin
2023-12-12 20:17:49 - [INFO] success load module: /home/jxdeng/workspace/tacker/runtime/cubins/ori_cutcp.cubin
2023-12-12 20:17:49 - [INFO] kernel name: Task1 CP 1, id: 1 is loading ...
2023-12-12 20:17:49 - [INFO] success load function: _Z6ori_cpifPf
2023-12-12 20:17:49 - [INFO] kernel name: Task2 CP 1, id: 2 is loading ...
2023-12-12 20:17:49 - [INFO] success find function: _Z6ori_cpifPf
2023-12-12 20:17:49 - [INFO] kernel name: Task2 CP 2, id: 3 is loading ...
2023-12-12 20:17:49 - [INFO] success find function: _Z6ori_cpifPf
2023-12-12 20:17:49 - [INFO] kernel name: Task2 CP 3, id: 4 is loading ...
2023-12-12 20:17:49 - [INFO] success find function: _Z6ori_cpifPf
2023-12-12 20:17:49 - [INFO] kernel name: gptb-make-cp, id: 5 is loading ...
2023-12-12 20:17:49 - [INFO] success find function: _Z6ori_cpifPf
2023-12-12 20:17:49 - [INFO] kernel name: _Z16g_general_ptb_cpifPfiiiiiiiiii, id: 6 is loading ...
2023-12-12 20:17:49 - [INFO] success load function: _Z16g_general_ptb_cpifPfiiiiiiiiii
2023-12-12 20:17:49 - [INFO] kernel name: _Z9ori_cutcpiiP6float4fffPfi, id: 7 is loading ...
2023-12-12 20:17:49 - [INFO] success load function: _Z9ori_cutcpiiP6float4fffPfi
2023-12-12 20:17:50 - [INFO] kernel name: _Z9ori_cutcpiiP6float4fffPfi, id: 8 is loading ...
2023-12-12 20:17:50 - [INFO] success find function: _Z9ori_cutcpiiP6float4fffPfi
2023-12-12 20:17:50 - [INFO] kernel name: Task1 CP 1, id: 1 is executing ...
2023-12-12 20:17:50 - [INFO] kernel name: Task1 CP 1, kernel time: 2.910592 ms
2023-12-12 20:17:50 - [INFO] [OriCPKernel] id: 1 is destroyed!
2023-12-12 20:17:50 - [INFO] kernel name: Task2 CP 1, id: 2 is executing ...
2023-12-12 20:17:50 - [INFO] kernel name: Task2 CP 1, kernel time: 2.908160 ms
2023-12-12 20:17:50 - [INFO] [OriCPKernel] id: 2 is destroyed!
2023-12-12 20:17:50 - [INFO] kernel name: Task2 CP 2, id: 3 is executing ...
2023-12-12 20:17:50 - [INFO] kernel name: Task2 CP 2, kernel time: 2.908160 ms
2023-12-12 20:17:50 - [INFO] [OriCPKernel] id: 3 is destroyed!
2023-12-12 20:17:50 - [INFO] kernel name: Task2 CP 3, id: 4 is executing ...
2023-12-12 20:17:50 - [INFO] kernel name: Task2 CP 3, kernel time: 2.906720 ms
2023-12-12 20:17:50 - [INFO] [OriCPKernel] id: 4 is destroyed!
2023-12-12 20:17:50 - [INFO] kernel name: _Z16g_general_ptb_cpifPfiiiiiiiiii, kernel time: 3.433728 ms
2023-12-12 20:17:50 - [INFO] kernel name: _Z16g_general_ptb_cpifPfiiiiiiiiii, id: 6 is destroyed!
2023-12-12 20:17:50 - [INFO] kernel name: _Z9ori_cutcpiiP6float4fffPfi, id: 7 is executing ...
2023-12-12 20:33:05 - [INFO] CUDA init complete
2023-12-12 20:33:05 - [INFO] success load module: /home/jxdeng/workspace/tacker/runtime/cubins/ori_cp.cubin
2023-12-12 20:33:05 - [INFO] success load module: /home/jxdeng/workspace/tacker/runtime/cubins/cp_fft.cubin
2023-12-12 20:33:05 - [INFO] success load module: /home/jxdeng/workspace/tacker/runtime/cubins/ori_cutcp.cubin
2023-12-12 20:33:05 - [INFO] kernel name: Task1 CP 1, id: 1 is loading ...
2023-12-12 20:33:05 - [INFO] success load function: _Z6ori_cpifPf
2023-12-12 20:33:05 - [INFO] kernel name: Task2 CP 1, id: 2 is loading ...
2023-12-12 20:33:05 - [INFO] success find function: _Z6ori_cpifPf
2023-12-12 20:33:05 - [INFO] kernel name: Task2 CP 2, id: 3 is loading ...
2023-12-12 20:33:05 - [INFO] success find function: _Z6ori_cpifPf
2023-12-12 20:33:05 - [INFO] kernel name: Task2 CP 3, id: 4 is loading ...
2023-12-12 20:33:05 - [INFO] success find function: _Z6ori_cpifPf
2023-12-12 20:33:05 - [INFO] kernel name: gptb-make-cp, id: 5 is loading ...
2023-12-12 20:33:05 - [INFO] success find function: _Z6ori_cpifPf
2023-12-12 20:33:05 - [INFO] kernel name: _Z16g_general_ptb_cpifPfiiiiiiiiii, id: 6 is loading ...
2023-12-12 20:33:05 - [INFO] success load function: _Z16g_general_ptb_cpifPfiiiiiiiiii
2023-12-12 20:33:05 - [INFO] kernel name: _Z9ori_cutcpiiP6float4fffPfi, id: 7 is loading ...
2023-12-12 20:33:05 - [INFO] success load function: _Z9ori_cutcpiiP6float4fffPfi
2023-12-12 20:33:05 - [INFO] kernel name: _Z9ori_cutcpiiP6float4fffPfi, id: 8 is loading ...
2023-12-12 20:33:05 - [INFO] success find function: _Z9ori_cutcpiiP6float4fffPfi
2023-12-12 20:33:05 - [INFO] kernel name: Task1 CP 1, id: 1 is executing ...
2023-12-12 20:33:05 - [INFO] kernel name: Task1 CP 1, kernel time: 2.911872 ms
2023-12-12 20:33:05 - [INFO] [OriCPKernel] id: 1 is destroyed!
2023-12-12 20:33:05 - [INFO] kernel name: Task2 CP 1, id: 2 is executing ...
2023-12-12 20:33:05 - [INFO] kernel name: Task2 CP 1, kernel time: 2.907328 ms
2023-12-12 20:33:05 - [INFO] [OriCPKernel] id: 2 is destroyed!
2023-12-12 20:33:05 - [INFO] kernel name: Task2 CP 2, id: 3 is executing ...
2023-12-12 20:33:05 - [INFO] kernel name: Task2 CP 2, kernel time: 2.905952 ms
2023-12-12 20:33:05 - [INFO] [OriCPKernel] id: 3 is destroyed!
2023-12-12 20:33:05 - [INFO] kernel name: Task2 CP 3, id: 4 is executing ...
2023-12-12 20:33:05 - [INFO] kernel name: Task2 CP 3, kernel time: 2.907520 ms
2023-12-12 20:33:05 - [INFO] [OriCPKernel] id: 4 is destroyed!
2023-12-12 20:33:05 - [INFO] kernel name: _Z16g_general_ptb_cpifPfiiiiiiiiii, kernel time: 3.430400 ms
2023-12-12 20:33:05 - [INFO] kernel name: _Z16g_general_ptb_cpifPfiiiiiiiiii, id: 6 is destroyed!
2023-12-12 20:33:05 - [INFO] kernel name: _Z9ori_cutcpiiP6float4fffPfi, id: 7 is executing ...
2023-12-12 20:44:18 - [INFO] CUDA init complete
2023-12-12 20:44:18 - [INFO] success load module: /home/jxdeng/workspace/tacker/runtime/cubins/ori_cp.cubin
2023-12-12 20:44:18 - [INFO] success load module: /home/jxdeng/workspace/tacker/runtime/cubins/cp_fft.cubin
2023-12-12 20:44:18 - [INFO] success load module: /home/jxdeng/workspace/tacker/runtime/cubins/ori_cutcp.cubin
2023-12-12 20:44:18 - [INFO] kernel name: gptb-make-cp, id: 5 is loading ...
2023-12-12 20:44:18 - [INFO] success load function: _Z6ori_cpifPf
2023-12-12 20:44:18 - [INFO] kernel name: _Z16g_general_ptb_cpifPfiiiiiiiiii, id: 6 is loading ...
2023-12-12 20:44:18 - [INFO] success load function: _Z16g_general_ptb_cpifPfiiiiiiiiii
2023-12-12 20:44:19 - [INFO] kernel name: _Z9ori_cutcpiiP6float4fffPfi, id: 7 is loading ...
2023-12-12 20:44:19 - [INFO] success load function: _Z9ori_cutcpiiP6float4fffPfi
2023-12-12 20:44:19 - [INFO] kernel name: _Z9ori_cutcpiiP6float4fffPfi, id: 8 is loading ...
2023-12-12 20:44:19 - [INFO] success find function: _Z9ori_cutcpiiP6float4fffPfi
2023-12-12 20:44:19 - [INFO] kernel name: _Z16g_general_ptb_cpifPfiiiiiiiiii, kernel time: 3.439392 ms
2023-12-12 20:44:19 - [INFO] kernel name: _Z16g_general_ptb_cpifPfiiiiiiiiii, id: 6 is destroyed!
2023-12-12 20:44:19 - [INFO] kernel name: _Z9ori_cutcpiiP6float4fffPfi, id: 7 is executing ...
2023-12-12 20:44:19 - [INFO] -- launchGridDim: 26, 26, 2
2023-12-12 20:44:19 - [INFO] -- launchBlockDim: 8, 2, 8
2023-12-12 20:46:55 - [INFO] CUDA init complete
2023-12-12 20:46:55 - [INFO] success load module: /home/jxdeng/workspace/tacker/runtime/cubins/ori_cutcp.cubin
2023-12-12 20:46:55 - [INFO] kernel name: gptb-make-cp, id: 5 is loading ...
2023-12-12 20:46:55 - [ERROR] can't find module: ori_cp
2023-12-12 20:46:55 - [ERROR] kernel name: gptb-make-cp, id: 5 load failed!
2023-12-12 20:46:55 - [INFO] Tacker exit
2023-12-12 20:48:15 - [INFO] CUDA init complete
2023-12-12 20:48:15 - [INFO] success load module: /home/jxdeng/workspace/tacker/runtime/cubins/cp_fft.cubin
2023-12-12 20:48:15 - [INFO] success load module: /home/jxdeng/workspace/tacker/runtime/cubins/ori_cutcp.cubin
2023-12-12 20:48:15 - [INFO] kernel name: sub-cp, id: 5 is loading ...
2023-12-12 20:48:15 - [ERROR] can't find module: ori_cp
2023-12-12 20:48:15 - [ERROR] kernel name: sub-cp, id: 5 load failed!
2023-12-12 20:48:15 - [INFO] Tacker exit
2023-12-12 20:48:33 - [INFO] CUDA init complete
2023-12-12 20:48:33 - [INFO] success load module: /home/jxdeng/workspace/tacker/runtime/cubins/cp_fft.cubin
2023-12-12 20:48:33 - [INFO] success load module: /home/jxdeng/workspace/tacker/runtime/cubins/ori_cutcp.cubin
2023-12-12 20:48:33 - [INFO] kernel name: sub-cp, id: 5 is loading ...
2023-12-12 20:48:33 - [ERROR] can't find module: ori_cp
2023-12-12 20:48:33 - [ERROR] kernel name: sub-cp, id: 5 load failed!
2023-12-12 20:48:33 - [INFO] Tacker exit
2023-12-12 20:48:45 - [INFO] CUDA init complete
2023-12-12 20:48:45 - [INFO] success load module: /home/jxdeng/workspace/tacker/runtime/cubins/ori_cp.cubin
2023-12-12 20:48:45 - [INFO] success load module: /home/jxdeng/workspace/tacker/runtime/cubins/cp_fft.cubin
2023-12-12 20:48:45 - [INFO] success load module: /home/jxdeng/workspace/tacker/runtime/cubins/ori_cutcp.cubin
2023-12-12 20:48:45 - [INFO] kernel name: sub-cp, id: 5 is loading ...
2023-12-12 20:48:45 - [INFO] success load function: _Z6ori_cpifPf
2023-12-12 20:48:45 - [INFO] kernel name: _Z16g_general_ptb_cpifPfiiiiiiiiii, id: 6 is loading ...
2023-12-12 20:48:45 - [INFO] success load function: _Z16g_general_ptb_cpifPfiiiiiiiiii
2023-12-12 20:48:45 - [INFO] kernel name: _Z9ori_cutcpiiP6float4fffPfi, id: 7 is loading ...
2023-12-12 20:48:45 - [INFO] success load function: _Z9ori_cutcpiiP6float4fffPfi
2023-12-12 20:48:45 - [INFO] kernel name: _Z9ori_cutcpiiP6float4fffPfi, id: 8 is loading ...
2023-12-12 20:48:45 - [INFO] success find function: _Z9ori_cutcpiiP6float4fffPfi
2023-12-12 20:48:45 - [INFO] kernel name: _Z16g_general_ptb_cpifPfiiiiiiiiii, kernel time: 3.432064 ms
2023-12-12 20:48:45 - [INFO] kernel name: _Z16g_general_ptb_cpifPfiiiiiiiiii, id: 6 is destroyed!
2023-12-12 20:48:45 - [INFO] kernel name: _Z9ori_cutcpiiP6float4fffPfi, id: 7 is executing ...
2023-12-12 20:48:45 - [INFO] -- launchGridDim: 26, 26, 2
2023-12-12 20:48:45 - [INFO] -- launchBlockDim: 8, 2, 8
2023-12-12 20:52:10 - [INFO] CUDA init complete
2023-12-12 20:52:10 - [INFO] success load module: /home/jxdeng/workspace/tacker/runtime/cubins/ori_cp.cubin
2023-12-12 20:52:10 - [INFO] success load module: /home/jxdeng/workspace/tacker/runtime/cubins/cp_fft.cubin
2023-12-12 20:52:10 - [INFO] success load module: /home/jxdeng/workspace/tacker/runtime/cubins/ori_cutcp.cubin
2023-12-12 20:52:10 - [INFO] kernel name: sub-cp, id: 5 is loading ...
2023-12-12 20:52:10 - [INFO] success load function: _Z6ori_cpifPf
2023-12-12 20:52:10 - [INFO] kernel name: _Z16g_general_ptb_cpifPfiiiiiiiiii, id: 6 is loading ...
2023-12-12 20:52:10 - [INFO] success load function: _Z16g_general_ptb_cpifPfiiiiiiiiii
2023-12-12 20:52:10 - [INFO] kernel name: _Z9ori_cutcpiiP6float4fffPfi, id: 7 is loading ...
2023-12-12 20:52:10 - [INFO] success load function: _Z9ori_cutcpiiP6float4fffPfi
2023-12-12 20:52:10 - [INFO] kernel name: _Z9ori_cutcpiiP6float4fffPfi, id: 8 is loading ...
2023-12-12 20:52:10 - [INFO] success find function: _Z9ori_cutcpiiP6float4fffPfi
2023-12-12 20:52:10 - [INFO] kernel name: _Z16g_general_ptb_cpifPfiiiiiiiiii, kernel time: 3.434624 ms
2023-12-12 20:52:10 - [INFO] kernel name: _Z16g_general_ptb_cpifPfiiiiiiiiii, id: 6 is destroyed!
2023-12-12 20:52:10 - [INFO] kernel name: _Z9ori_cutcpiiP6float4fffPfi, id: 7 is executing ...
2023-12-12 20:52:10 - [INFO] -- launchGridDim: 26, 26, 2
2023-12-12 20:52:10 - [INFO] -- launchBlockDim: 8, 2, 8
2023-12-12 20:53:12 - [INFO] CUDA init complete
2023-12-12 20:53:12 - [INFO] success load module: /home/jxdeng/workspace/tacker/runtime/cubins/ori_cp.cubin
2023-12-12 20:53:12 - [INFO] success load module: /home/jxdeng/workspace/tacker/runtime/cubins/cp_fft.cubin
2023-12-12 20:53:12 - [INFO] success load module: /home/jxdeng/workspace/tacker/runtime/cubins/ori_cutcp.cubin
2023-12-12 20:53:12 - [INFO] kernel name: sub-cp, id: 5 is loading ...
2023-12-12 20:53:12 - [INFO] success load function: _Z6ori_cpifPf
2023-12-12 20:53:12 - [INFO] kernel name: _Z16g_general_ptb_cpifPfiiiiiiiiii, id: 6 is loading ...
2023-12-12 20:53:12 - [INFO] success load function: _Z16g_general_ptb_cpifPfiiiiiiiiii
2023-12-12 20:53:12 - [INFO] kernel name: _Z9ori_cutcpiiP6float4fffPfi, id: 7 is loading ...
2023-12-12 20:53:12 - [INFO] success load function: _Z9ori_cutcpiiP6float4fffPfi
2023-12-12 20:53:12 - [INFO] kernel name: _Z9ori_cutcpiiP6float4fffPfi, id: 8 is loading ...
2023-12-12 20:53:12 - [INFO] success find function: _Z9ori_cutcpiiP6float4fffPfi
2023-12-12 20:53:12 - [INFO] kernel name: _Z16g_general_ptb_cpifPfiiiiiiiiii, kernel time: 3.434496 ms
2023-12-12 20:53:12 - [INFO] kernel name: _Z16g_general_ptb_cpifPfiiiiiiiiii, id: 6 is destroyed!
2023-12-12 20:53:12 - [INFO] kernel name: _Z9ori_cutcpiiP6float4fffPfi, id: 7 is executing ...
2023-12-12 20:53:12 - [INFO] -- launchGridDim: 26, 26, 2
2023-12-12 20:53:12 - [INFO] -- launchBlockDim: 8, 2, 8
2023-12-12 20:53:12 - [INFO] -- kernelParams: 
2023-12-12 20:53:12 - [INFO] ---- 0: 140735333996108
2023-12-12 20:53:12 - [INFO] ---- 1: 140735333996112
2023-12-12 20:53:12 - [INFO] ---- 2: 140735333996144
2023-12-12 20:53:12 - [INFO] ---- 3: 140735333996100
2023-12-12 20:53:12 - [INFO] ---- 4: 140735333996116
2023-12-12 20:53:12 - [INFO] ---- 5: 140735333996120
2023-12-12 20:53:12 - [INFO] ---- 6: 140735333996128
2023-12-12 20:53:12 - [INFO] ---- 7: 140735333996124
2023-12-12 20:54:39 - [INFO] CUDA init complete
2023-12-12 20:54:39 - [INFO] success load module: /home/jxdeng/workspace/tacker/runtime/cubins/ori_cp.cubin
2023-12-12 20:54:39 - [INFO] success load module: /home/jxdeng/workspace/tacker/runtime/cubins/cp_fft.cubin
2023-12-12 20:54:39 - [INFO] success load module: /home/jxdeng/workspace/tacker/runtime/cubins/ori_cutcp.cubin
2023-12-12 20:54:39 - [INFO] kernel name: sub-cp, id: 5 is loading ...
2023-12-12 20:54:39 - [INFO] success load function: _Z6ori_cpifPf
2023-12-12 20:54:39 - [INFO] kernel name: _Z16g_general_ptb_cpifPfiiiiiiiiii, id: 6 is loading ...
2023-12-12 20:54:39 - [INFO] success load function: _Z16g_general_ptb_cpifPfiiiiiiiiii
2023-12-12 20:54:39 - [INFO] kernel name: _Z9ori_cutcpiiP6float4fffPfi, id: 7 is loading ...
2023-12-12 20:54:39 - [INFO] success load function: _Z9ori_cutcpiiP6float4fffPfi
2023-12-12 20:54:39 - [INFO] kernel name: _Z9ori_cutcpiiP6float4fffPfi, id: 8 is loading ...
2023-12-12 20:54:39 - [INFO] success find function: _Z9ori_cutcpiiP6float4fffPfi
2023-12-12 20:54:39 - [INFO] kernel name: _Z16g_general_ptb_cpifPfiiiiiiiiii, kernel time: 3.436640 ms
2023-12-12 20:54:39 - [INFO] kernel name: _Z16g_general_ptb_cpifPfiiiiiiiiii, id: 6 is destroyed!
2023-12-12 20:54:39 - [INFO] kernel name: _Z9ori_cutcpiiP6float4fffPfi, id: 7 is executing ...
2023-12-12 20:54:39 - [INFO] -- launchGridDim: 26, 26, 2
2023-12-12 20:54:39 - [INFO] -- launchBlockDim: 8, 2, 8
2023-12-12 20:54:39 - [INFO] -- kernelParams: 
2023-12-12 20:54:39 - [INFO] ---- binDim_x: -1086518057
2023-12-12 20:54:39 - [INFO] ---- binDim_y: -1746761792
2023-12-12 20:54:39 - [INFO] ---- binZeroAddr: 140725770184176
2023-12-12 20:54:39 - [INFO] ---- h: 0.000000
2023-12-12 20:54:39 - [INFO] ---- cutoff2: 0.000000
2023-12-12 20:54:39 - [INFO] ---- inv_cutoff2: -429737886267507265938344533557248.000000
2023-12-12 20:54:39 - [INFO] ---- regionZeroAddr: 140725770184160
2023-12-12 20:54:39 - [INFO] ---- zRegionIndex_t: 21878
2023-12-12 21:07:33 - [INFO] CUDA init complete
2023-12-12 21:07:33 - [INFO] success load module: /home/jxdeng/workspace/tacker/runtime/cubins/ori_cp.cubin
2023-12-12 21:07:33 - [INFO] success load module: /home/jxdeng/workspace/tacker/runtime/cubins/cp_fft.cubin
2023-12-12 21:07:33 - [INFO] success load module: /home/jxdeng/workspace/tacker/runtime/cubins/ori_cutcp.cubin
2023-12-12 21:07:33 - [INFO] kernel name: sub-cp, id: 5 is loading ...
2023-12-12 21:07:33 - [INFO] success load function: _Z6ori_cpifPf
2023-12-12 21:07:33 - [INFO] kernel name: _Z16g_general_ptb_cpifPfiiiiiiiiii, id: 6 is loading ...
2023-12-12 21:07:33 - [INFO] success load function: _Z16g_general_ptb_cpifPfiiiiiiiiii
2023-12-12 21:07:33 - [INFO] kernel name: _Z9ori_cutcpiiP6float4fffPfi, id: 7 is loading ...
2023-12-12 21:07:33 - [INFO] success load function: _Z9ori_cutcpiiP6float4fffPfi
2023-12-12 21:07:33 - [INFO] kernel name: _Z9ori_cutcpiiP6float4fffPfi, id: 8 is loading ...
2023-12-12 21:07:33 - [INFO] success find function: _Z9ori_cutcpiiP6float4fffPfi
2023-12-12 21:07:33 - [INFO] kernel name: _Z16g_general_ptb_cpifPfiiiiiiiiii, kernel time: 3.440128 ms
2023-12-12 21:07:33 - [INFO] kernel name: _Z16g_general_ptb_cpifPfiiiiiiiiii, id: 6 is destroyed!
2023-12-12 21:07:33 - [INFO] kernel name: _Z9ori_cutcpiiP6float4fffPfi, id: 7 is executing ...
2023-12-12 21:07:33 - [INFO] -- launchGridDim: 26, 26, 2
2023-12-12 21:07:33 - [INFO] -- launchBlockDim: 8, 2, 8
2023-12-12 21:07:33 - [INFO] -- kernelParams: 
2023-12-12 21:07:33 - [INFO] ---- binDim_x: -138246208
2023-12-12 21:07:33 - [INFO] ---- binDim_y: 32551
2023-12-12 21:07:33 - [INFO] ---- binZeroAddr: 140732574818240
2023-12-12 21:07:33 - [INFO] ---- h: 0.000000
2023-12-12 21:07:33 - [INFO] ---- cutoff2: 4000264192.000000
2023-12-12 21:07:33 - [INFO] ---- inv_cutoff2: 0.000000
2023-12-12 21:07:33 - [INFO] ---- regionZeroAddr: 140732574818224
2023-12-12 21:07:33 - [INFO] ---- zRegionIndex_t: 25
2023-12-12 21:28:24 - [INFO] CUDA init complete
2023-12-12 21:28:24 - [INFO] success load module: /home/jxdeng/workspace/tacker/runtime/cubins/ori_cp.cubin
2023-12-12 21:28:24 - [INFO] success load module: /home/jxdeng/workspace/tacker/runtime/cubins/cp_fft.cubin
2023-12-12 21:28:24 - [INFO] success load module: /home/jxdeng/workspace/tacker/runtime/cubins/ori_cutcp.cubin
2023-12-12 21:28:24 - [INFO] kernel name: sub-cp, id: 5 is loading ...
2023-12-12 21:28:24 - [INFO] success load function: _Z6ori_cpifPf
2023-12-12 21:28:24 - [INFO] kernel name: _Z16g_general_ptb_cpifPfiiiiiiiiii, id: 6 is loading ...
2023-12-12 21:28:24 - [INFO] success load function: _Z16g_general_ptb_cpifPfiiiiiiiiii
2023-12-12 21:28:24 - [INFO] kernel name: _Z9ori_cutcpiiP6float4fffPfi, id: 7 is loading ...
2023-12-12 21:28:24 - [INFO] success load function: _Z9ori_cutcpiiP6float4fffPfi
2023-12-12 21:28:25 - [INFO] kernel name: _Z9ori_cutcpiiP6float4fffPfi, id: 8 is loading ...
2023-12-12 21:28:25 - [INFO] success find function: _Z9ori_cutcpiiP6float4fffPfi
2023-12-12 21:28:25 - [INFO] kernel name: _Z16g_general_ptb_cpifPfiiiiiiiiii, kernel time: 3.438112 ms
2023-12-12 21:28:25 - [INFO] kernel name: _Z16g_general_ptb_cpifPfiiiiiiiiii, id: 6 is destroyed!
2023-12-12 21:28:25 - [INFO] kernel name: _Z9ori_cutcpiiP6float4fffPfi, id: 7 is executing ...
2023-12-12 21:28:25 - [INFO] -- launchGridDim: 26, 26, 2
2023-12-12 21:28:25 - [INFO] -- launchBlockDim: 8, 2, 8
2023-12-12 21:28:25 - [INFO] -- kernelParams: 
2023-12-12 21:28:25 - [INFO] ---- binDim_x: 32
2023-12-12 21:28:25 - [INFO] ---- binDim_y: 32
2023-12-12 21:28:25 - [INFO] ---- binZeroAddr: 94883375949688
2023-12-12 21:28:25 - [INFO] ---- h: 0.500000
2023-12-12 21:28:25 - [INFO] ---- cutoff2: 144.000000
2023-12-12 21:28:25 - [INFO] ---- inv_cutoff2: 0.006944
2023-12-12 21:28:25 - [INFO] ---- regionZeroAddr: 94883375949712
2023-12-12 21:28:25 - [INFO] ---- zRegionIndex_t: -1041141008
2023-12-12 21:28:25 - [INFO] kernel name: _Z9ori_cutcpiiP6float4fffPfi, kernel time: 0.223168 ms
2023-12-12 21:44:20 - [INFO] CUDA init complete
2023-12-12 21:44:20 - [INFO] success load module: /home/jxdeng/workspace/tacker/runtime/cubins/ori_cp.cubin
2023-12-12 21:44:20 - [INFO] success load module: /home/jxdeng/workspace/tacker/runtime/cubins/cp_fft.cubin
2023-12-12 21:44:20 - [INFO] success load module: /home/jxdeng/workspace/tacker/runtime/cubins/ori_cutcp.cubin
2023-12-12 21:44:20 - [INFO] kernel name: sub-cp, id: 5 is loading ...
2023-12-12 21:44:20 - [INFO] success load function: _Z6ori_cpifPf
2023-12-12 21:44:20 - [INFO] kernel name: _Z16g_general_ptb_cpifPfiiiiiiiiii, id: 6 is loading ...
2023-12-12 21:44:20 - [INFO] success load function: _Z16g_general_ptb_cpifPfiiiiiiiiii
2023-12-12 21:44:21 - [INFO] kernel name: _Z9ori_cutcpiiP6float4fffPfi, id: 7 is loading ...
2023-12-12 21:44:21 - [INFO] success load function: _Z9ori_cutcpiiP6float4fffPfi
2023-12-12 21:44:21 - [INFO] kernel name: _Z9ori_cutcpiiP6float4fffPfi, id: 8 is loading ...
2023-12-12 21:44:21 - [INFO] success find function: _Z9ori_cutcpiiP6float4fffPfi
2023-12-12 21:44:21 - [INFO] kernel name: _Z16g_general_ptb_cpifPfiiiiiiiiii, kernel time: 3.435424 ms
2023-12-12 21:44:21 - [INFO] kernel name: _Z16g_general_ptb_cpifPfiiiiiiiiii, id: 6 is destroyed!
2023-12-12 21:44:21 - [INFO] kernel name: _Z9ori_cutcpiiP6float4fffPfi, id: 7 is executing ...
2023-12-12 21:44:21 - [INFO] -- launchGridDim: 26, 26, 2
2023-12-12 21:44:21 - [INFO] -- launchBlockDim: 8, 2, 8
2023-12-12 21:44:21 - [INFO] -- kernelParams: 
2023-12-12 21:44:21 - [INFO] ---- binDim_x: 32
2023-12-12 21:44:21 - [INFO] ---- binDim_y: 32
2023-12-12 21:44:21 - [INFO] ---- binZeroAddr: 94418802087448
2023-12-12 21:44:21 - [INFO] ---- h: 0.500000
2023-12-12 21:44:21 - [INFO] ---- cutoff2: 144.000000
2023-12-12 21:44:21 - [INFO] ---- inv_cutoff2: 0.006944
2023-12-12 21:44:21 - [INFO] ---- regionZeroAddr: 94418802087472
2023-12-12 21:44:21 - [INFO] ---- zRegionIndex_t: 25
2023-12-12 21:44:21 - [INFO] kernel name: _Z9ori_cutcpiiP6float4fffPfi, kernel time: 0.235520 ms
2023-12-12 21:57:25 - [INFO] CUDA init complete
2023-12-12 21:57:25 - [INFO] success load module: /home/jxdeng/workspace/tacker/runtime/cubins/ori_cp.cubin
2023-12-12 21:57:25 - [INFO] success load module: /home/jxdeng/workspace/tacker/runtime/cubins/cp_fft.cubin
2023-12-12 21:57:25 - [INFO] success load module: /home/jxdeng/workspace/tacker/runtime/cubins/ori_cutcp.cubin
2023-12-12 21:57:25 - [INFO] kernel name: sub-cp, id: 5 is loading ...
2023-12-12 21:57:25 - [INFO] success load function: _Z6ori_cpifPf
2023-12-12 21:57:25 - [INFO] kernel name: _Z16g_general_ptb_cpifPfiiiiiiiiii, id: 6 is loading ...
2023-12-12 21:57:25 - [INFO] success load function: _Z16g_general_ptb_cpifPfiiiiiiiiii
2023-12-12 21:57:25 - [INFO] kernel name: _Z9ori_cutcpiiP6float4fffPfi, id: 7 is loading ...
2023-12-12 21:57:25 - [INFO] success load function: _Z9ori_cutcpiiP6float4fffPfi
2023-12-12 21:57:25 - [INFO] kernel name: _Z9ori_cutcpiiP6float4fffPfi, id: 8 is loading ...
2023-12-12 21:57:25 - [INFO] success find function: _Z9ori_cutcpiiP6float4fffPfi
2023-12-12 21:57:25 - [INFO] kernel name: _Z16g_general_ptb_cpifPfiiiiiiiiii, kernel time: 3.436416 ms
2023-12-12 21:57:25 - [INFO] kernel name: _Z16g_general_ptb_cpifPfiiiiiiiiii, id: 6 is destroyed!
2023-12-12 21:57:25 - [INFO] kernel name: _Z9ori_cutcpiiP6float4fffPfi, id: 7 is executing ...
2023-12-12 21:57:25 - [INFO] -- launchGridDim: 26, 26, 2
2023-12-12 21:57:25 - [INFO] -- launchBlockDim: 8, 2, 8
2023-12-12 21:57:25 - [INFO] -- kernelParams: 
2023-12-12 21:57:25 - [INFO] ---- binDim_x: 32
2023-12-12 21:57:25 - [INFO] ---- binDim_y: 32
2023-12-12 21:57:25 - [INFO] ---- binZeroAddr: 94805359338664
2023-12-12 21:57:25 - [INFO] ---- h: 0.500000
2023-12-12 21:57:25 - [INFO] ---- cutoff2: 144.000000
2023-12-12 21:57:25 - [INFO] ---- inv_cutoff2: 0.006944
2023-12-12 21:57:25 - [INFO] ---- regionZeroAddr: 94805359338688
2023-12-12 21:57:25 - [INFO] ---- zRegionIndex_t: 25
2023-12-12 21:57:25 - [INFO] kernel name: _Z9ori_cutcpiiP6float4fffPfi, kernel time: 0.223104 ms
2023-12-12 21:57:37 - [INFO] CUDA init complete
2023-12-12 21:57:37 - [INFO] success load module: /home/jxdeng/workspace/tacker/runtime/cubins/ori_cp.cubin
2023-12-12 21:57:37 - [INFO] success load module: /home/jxdeng/workspace/tacker/runtime/cubins/cp_fft.cubin
2023-12-12 21:57:37 - [INFO] success load module: /home/jxdeng/workspace/tacker/runtime/cubins/ori_cutcp.cubin
2023-12-12 21:57:37 - [INFO] kernel name: sub-cp, id: 5 is loading ...
2023-12-12 21:57:37 - [INFO] success load function: _Z6ori_cpifPf
2023-12-12 21:57:37 - [INFO] kernel name: _Z16g_general_ptb_cpifPfiiiiiiiiii, id: 6 is loading ...
2023-12-12 21:57:37 - [INFO] success load function: _Z16g_general_ptb_cpifPfiiiiiiiiii
2023-12-12 21:58:22 - [INFO] CUDA init complete
2023-12-12 21:58:22 - [INFO] success load module: /home/jxdeng/workspace/tacker/runtime/cubins/ori_cp.cubin
2023-12-12 21:58:22 - [INFO] success load module: /home/jxdeng/workspace/tacker/runtime/cubins/cp_fft.cubin
2023-12-12 21:58:22 - [INFO] success load module: /home/jxdeng/workspace/tacker/runtime/cubins/ori_cutcp.cubin
2023-12-12 21:58:22 - [INFO] kernel name: sub-cp, id: 5 is loading ...
2023-12-12 21:58:22 - [INFO] success load function: _Z6ori_cpifPf
2023-12-12 21:58:22 - [INFO] kernel name: _Z16g_general_ptb_cpifPfiiiiiiiiii, id: 6 is loading ...
2023-12-12 21:58:22 - [INFO] success load function: _Z16g_general_ptb_cpifPfiiiiiiiiii
2023-12-12 21:58:22 - [INFO] cutcp_ori_binBaseCuda: 96
2023-12-12 21:58:22 - [INFO] cutcp_ori_binZeroCuda: 96
2023-12-12 21:58:22 - [INFO] kernel name: _Z9ori_cutcpiiP6float4fffPfi, id: 7 is loading ...
2023-12-12 21:58:22 - [INFO] success load function: _Z9ori_cutcpiiP6float4fffPfi
2023-12-12 21:58:22 - [INFO] cutcp_ori_binBaseCuda: 94040372859344
2023-12-12 21:58:22 - [INFO] cutcp_ori_binZeroCuda: 94040372859344
2023-12-12 21:58:22 - [INFO] kernel name: _Z9ori_cutcpiiP6float4fffPfi, id: 8 is loading ...
2023-12-12 21:58:22 - [INFO] success find function: _Z9ori_cutcpiiP6float4fffPfi
2023-12-12 21:58:23 - [INFO] kernel name: _Z16g_general_ptb_cpifPfiiiiiiiiii, kernel time: 3.433408 ms
2023-12-12 21:58:23 - [INFO] kernel name: _Z16g_general_ptb_cpifPfiiiiiiiiii, id: 6 is destroyed!
2023-12-12 21:58:23 - [INFO] kernel name: _Z9ori_cutcpiiP6float4fffPfi, id: 7 is executing ...
2023-12-12 21:58:23 - [INFO] -- launchGridDim: 26, 26, 2
2023-12-12 21:58:23 - [INFO] -- launchBlockDim: 8, 2, 8
2023-12-12 21:58:23 - [INFO] -- kernelParams: 
2023-12-12 21:58:23 - [INFO] ---- binDim_x: 32
2023-12-12 21:58:23 - [INFO] ---- binDim_y: 32
2023-12-12 21:58:23 - [INFO] ---- binZeroAddr: 139868433166720
2023-12-12 21:58:23 - [INFO] ---- h: 0.500000
2023-12-12 21:58:23 - [INFO] ---- cutoff2: 144.000000
2023-12-12 21:58:23 - [INFO] ---- inv_cutoff2: 0.006944
2023-12-12 21:58:23 - [INFO] ---- regionZeroAddr: 139868395012096
2023-12-12 21:58:23 - [INFO] ---- zRegionIndex_t: 25
2023-12-12 21:58:23 - [INFO] kernel name: _Z9ori_cutcpiiP6float4fffPfi, kernel time: 0.227616 ms
2023-12-12 22:00:10 - [INFO] CUDA init complete
2023-12-12 22:00:10 - [INFO] success load module: /home/jxdeng/workspace/tacker/runtime/cubins/ori_cp.cubin
2023-12-12 22:00:10 - [INFO] success load module: /home/jxdeng/workspace/tacker/runtime/cubins/cp_fft.cubin
2023-12-12 22:00:10 - [INFO] success load module: /home/jxdeng/workspace/tacker/runtime/cubins/ori_cutcp.cubin
2023-12-12 22:00:10 - [INFO] kernel name: sub-cp, id: 5 is loading ...
2023-12-12 22:00:10 - [INFO] success load function: _Z6ori_cpifPf
2023-12-12 22:00:10 - [INFO] kernel name: _Z16g_general_ptb_cpifPfiiiiiiiiii, id: 6 is loading ...
2023-12-12 22:00:10 - [INFO] success load function: _Z16g_general_ptb_cpifPfiiiiiiiiii
2023-12-12 22:00:10 - [INFO] cutcp_ori_regionZeroCuda: 93860963771096
2023-12-12 22:00:10 - [INFO] cutcp_ori_binZeroCuda: 0
2023-12-12 22:00:10 - [INFO] kernel name: _Z9ori_cutcpiiP6float4fffPfi, id: 7 is loading ...
2023-12-12 22:00:10 - [INFO] success load function: _Z9ori_cutcpiiP6float4fffPfi
2023-12-12 22:00:11 - [INFO] cutcp_ori_regionZeroCuda: 93860927264943
2023-12-12 22:00:11 - [INFO] cutcp_ori_binZeroCuda: 0
2023-12-12 22:00:11 - [INFO] kernel name: _Z9ori_cutcpiiP6float4fffPfi, id: 8 is loading ...
2023-12-12 22:00:11 - [INFO] success find function: _Z9ori_cutcpiiP6float4fffPfi
2023-12-12 22:00:11 - [INFO] kernel name: _Z16g_general_ptb_cpifPfiiiiiiiiii, kernel time: 3.436704 ms
2023-12-12 22:00:11 - [INFO] kernel name: _Z16g_general_ptb_cpifPfiiiiiiiiii, id: 6 is destroyed!
2023-12-12 22:00:11 - [INFO] kernel name: _Z9ori_cutcpiiP6float4fffPfi, id: 7 is executing ...
2023-12-12 22:00:11 - [INFO] -- launchGridDim: 26, 26, 2
2023-12-12 22:00:11 - [INFO] -- launchBlockDim: 8, 2, 8
2023-12-12 22:00:11 - [INFO] -- kernelParams: 
2023-12-12 22:00:11 - [INFO] ---- binDim_x: 32
2023-12-12 22:00:11 - [INFO] ---- binDim_y: 32
2023-12-12 22:00:11 - [INFO] ---- binZeroAddr: 140682027479424
2023-12-12 22:00:11 - [INFO] ---- h: 0.500000
2023-12-12 22:00:11 - [INFO] ---- cutoff2: 144.000000
2023-12-12 22:00:11 - [INFO] ---- inv_cutoff2: 0.006944
2023-12-12 22:00:11 - [INFO] ---- regionZeroAddr: 140681989324800
2023-12-12 22:00:11 - [INFO] ---- zRegionIndex_t: 25
2023-12-12 22:00:11 - [INFO] kernel name: _Z9ori_cutcpiiP6float4fffPfi, kernel time: 0.223232 ms
2023-12-12 22:02:40 - [INFO] CUDA init complete
2023-12-12 22:02:40 - [INFO] success load module: /home/jxdeng/workspace/tacker/runtime/cubins/ori_cp.cubin
2023-12-12 22:02:40 - [INFO] success load module: /home/jxdeng/workspace/tacker/runtime/cubins/cp_fft.cubin
2023-12-12 22:02:40 - [INFO] success load module: /home/jxdeng/workspace/tacker/runtime/cubins/ori_cutcp.cubin
2023-12-12 22:02:40 - [INFO] kernel name: sub-cp, id: 5 is loading ...
2023-12-12 22:02:40 - [INFO] success load function: _Z6ori_cpifPf
2023-12-12 22:02:40 - [INFO] kernel name: _Z16g_general_ptb_cpifPfiiiiiiiiii, id: 6 is loading ...
2023-12-12 22:02:40 - [INFO] success load function: _Z16g_general_ptb_cpifPfiiiiiiiiii
2023-12-12 22:02:40 - [INFO] cutcp_ori_binZeroCuda: 140096066433408
2023-12-12 22:02:40 - [INFO] this->CUTCPKernelParams->binZeroAddr: 140096066433408
2023-12-12 22:02:40 - [INFO] kernel name: _Z9ori_cutcpiiP6float4fffPfi, id: 7 is loading ...
2023-12-12 22:02:40 - [INFO] success load function: _Z9ori_cutcpiiP6float4fffPfi
2023-12-12 22:02:40 - [INFO] cutcp_ori_binZeroCuda: 140095999324544
2023-12-12 22:02:40 - [INFO] this->CUTCPKernelParams->binZeroAddr: 140095999324544
2023-12-12 22:02:40 - [INFO] kernel name: _Z9ori_cutcpiiP6float4fffPfi, id: 8 is loading ...
2023-12-12 22:02:40 - [INFO] success find function: _Z9ori_cutcpiiP6float4fffPfi
2023-12-12 22:02:40 - [INFO] kernel name: _Z16g_general_ptb_cpifPfiiiiiiiiii, kernel time: 3.436480 ms
2023-12-12 22:02:40 - [INFO] kernel name: _Z16g_general_ptb_cpifPfiiiiiiiiii, id: 6 is destroyed!
2023-12-12 22:02:40 - [INFO] kernel name: _Z9ori_cutcpiiP6float4fffPfi, id: 7 is executing ...
2023-12-12 22:02:40 - [INFO] -- launchGridDim: 26, 26, 2
2023-12-12 22:02:40 - [INFO] -- launchBlockDim: 8, 2, 8
2023-12-12 22:02:40 - [INFO] -- kernelParams: 
2023-12-12 22:02:40 - [INFO] ---- binDim_x: 32
2023-12-12 22:02:40 - [INFO] ---- binDim_y: 32
2023-12-12 22:02:40 - [INFO] ---- binZeroAddr: 140096066433408
2023-12-12 22:02:40 - [INFO] ---- h: 0.500000
2023-12-12 22:02:40 - [INFO] ---- cutoff2: 144.000000
2023-12-12 22:02:40 - [INFO] ---- inv_cutoff2: 0.006944
2023-12-12 22:02:40 - [INFO] ---- regionZeroAddr: 140096028278784
2023-12-12 22:02:40 - [INFO] ---- zRegionIndex_t: 25
2023-12-12 22:02:40 - [INFO] kernel name: _Z9ori_cutcpiiP6float4fffPfi, kernel time: 0.227424 ms
2023-12-12 22:06:16 - [INFO] CUDA init complete
2023-12-12 22:06:17 - [INFO] success load module: /home/jxdeng/workspace/tacker/runtime/cubins/ori_cp.cubin
2023-12-12 22:06:17 - [INFO] success load module: /home/jxdeng/workspace/tacker/runtime/cubins/cp_fft.cubin
2023-12-12 22:06:17 - [INFO] success load module: /home/jxdeng/workspace/tacker/runtime/cubins/ori_cutcp.cubin
2023-12-12 22:06:17 - [INFO] kernel name: sub-cp, id: 5 is loading ...
2023-12-12 22:06:17 - [INFO] success load function: _Z6ori_cpifPf
2023-12-12 22:06:17 - [INFO] kernel name: _Z16g_general_ptb_cpifPfiiiiiiiiii, id: 6 is loading ...
2023-12-12 22:06:17 - [INFO] success load function: _Z16g_general_ptb_cpifPfiiiiiiiiii
2023-12-12 22:06:17 - [INFO] binDim_x: 32
2023-12-12 22:06:17 - [INFO] binDim_y: 32
2023-12-12 22:06:17 - [INFO] cutcp_ori_binZeroCuda: 140021374267776
2023-12-12 22:06:17 - [INFO] h: 0.500000
2023-12-12 22:06:17 - [INFO] cutoff2: 144.000000
2023-12-12 22:06:17 - [INFO] inv_cutoff2: 0.006944
2023-12-12 22:06:17 - [INFO] cutcp_ori_regionZeroCuda: 140021336113152
2023-12-12 22:06:17 - [INFO] zRegionIndex_t: 25
2023-12-12 22:06:17 - [INFO] kernel name: _Z9ori_cutcpiiP6float4fffPfi, id: 7 is loading ...
2023-12-12 22:06:17 - [INFO] success load function: _Z9ori_cutcpiiP6float4fffPfi
2023-12-12 22:06:17 - [INFO] binDim_x: 32
2023-12-12 22:06:17 - [INFO] binDim_y: 32
2023-12-12 22:06:17 - [INFO] cutcp_ori_binZeroCuda: 140021240050048
2023-12-12 22:06:17 - [INFO] h: 0.500000
2023-12-12 22:06:17 - [INFO] cutoff2: 144.000000
2023-12-12 22:06:17 - [INFO] inv_cutoff2: 0.006944
2023-12-12 22:06:17 - [INFO] cutcp_ori_regionZeroCuda: 140021201895424
2023-12-12 22:06:17 - [INFO] zRegionIndex_t: 25
2023-12-12 22:06:17 - [INFO] kernel name: _Z9ori_cutcpiiP6float4fffPfi, id: 8 is loading ...
2023-12-12 22:06:17 - [INFO] success find function: _Z9ori_cutcpiiP6float4fffPfi
2023-12-12 22:06:17 - [INFO] kernel name: _Z16g_general_ptb_cpifPfiiiiiiiiii, kernel time: 3.436576 ms
2023-12-12 22:06:17 - [INFO] kernel name: _Z16g_general_ptb_cpifPfiiiiiiiiii, id: 6 is destroyed!
2023-12-12 22:06:17 - [INFO] kernel name: _Z9ori_cutcpiiP6float4fffPfi, id: 7 is executing ...
2023-12-12 22:06:17 - [INFO] -- launchGridDim: 26, 26, 2
2023-12-12 22:06:17 - [INFO] -- launchBlockDim: 8, 2, 8
2023-12-12 22:06:17 - [INFO] -- kernelParams: 
2023-12-12 22:06:17 - [INFO] ---- binDim_x: 32
2023-12-12 22:06:17 - [INFO] ---- binDim_y: 32
2023-12-12 22:06:17 - [INFO] ---- binZeroAddr: 140021374267776
2023-12-12 22:06:17 - [INFO] ---- h: 0.500000
2023-12-12 22:06:17 - [INFO] ---- cutoff2: 144.000000
2023-12-12 22:06:17 - [INFO] ---- inv_cutoff2: 0.006944
2023-12-12 22:06:17 - [INFO] ---- regionZeroAddr: 140021336113152
2023-12-12 22:06:17 - [INFO] ---- zRegionIndex_t: 25
2023-12-12 22:06:17 - [INFO] kernel name: _Z9ori_cutcpiiP6float4fffPfi, kernel time: 0.234240 ms
2023-12-12 22:08:56 - [INFO] CUDA init complete
2023-12-12 22:08:56 - [INFO] success load module: /home/jxdeng/workspace/tacker/runtime/cubins/ori_cp.cubin
2023-12-12 22:08:56 - [INFO] success load module: /home/jxdeng/workspace/tacker/runtime/cubins/cp_fft.cubin
2023-12-12 22:08:56 - [INFO] success load module: /home/jxdeng/workspace/tacker/runtime/cubins/ori_cutcp.cubin
2023-12-12 22:08:56 - [INFO] kernel name: sub-cp, id: 5 is loading ...
2023-12-12 22:08:56 - [INFO] success load function: _Z6ori_cpifPf
2023-12-12 22:08:56 - [INFO] kernel name: _Z16g_general_ptb_cpifPfiiiiiiiiii, id: 6 is loading ...
2023-12-12 22:08:56 - [INFO] success load function: _Z16g_general_ptb_cpifPfiiiiiiiiii
2023-12-12 22:08:56 - [INFO] binDim_x: 32
2023-12-12 22:08:56 - [INFO] binDim_y: 32
2023-12-12 22:08:56 - [INFO] cutcp_ori_binZeroCuda: 140130929488256
2023-12-12 22:08:56 - [INFO] h: 0.500000
2023-12-12 22:08:56 - [INFO] cutoff2: 144.000000
2023-12-12 22:08:56 - [INFO] inv_cutoff2: 0.006944
2023-12-12 22:08:56 - [INFO] cutcp_ori_regionZeroCuda: 140130891333632
2023-12-12 22:08:56 - [INFO] zRegionIndex_t: 25
2023-12-12 22:08:56 - [INFO] kernel name: _Z9ori_cutcpiiP6float4fffPfi, id: 7 is loading ...
2023-12-12 22:08:56 - [INFO] success load function: _Z9ori_cutcpiiP6float4fffPfi
2023-12-12 22:08:56 - [INFO] kernel name: _Z16g_general_ptb_cpifPfiiiiiiiiii, kernel time: 3.436512 ms
2023-12-12 22:08:56 - [INFO] kernel name: _Z16g_general_ptb_cpifPfiiiiiiiiii, id: 6 is destroyed!
2023-12-12 22:08:56 - [INFO] kernel name: _Z9ori_cutcpiiP6float4fffPfi, id: 7 is executing ...
2023-12-12 22:08:56 - [INFO] -- launchGridDim: 26, 26, 2
2023-12-12 22:08:56 - [INFO] -- launchBlockDim: 8, 2, 8
2023-12-12 22:08:56 - [INFO] -- kernelParams: 
2023-12-12 22:08:56 - [INFO] ---- binDim_x: 32
2023-12-12 22:08:56 - [INFO] ---- binDim_y: 32
2023-12-12 22:08:56 - [INFO] ---- binZeroAddr: 140130929488256
2023-12-12 22:08:56 - [INFO] ---- h: 0.500000
2023-12-12 22:08:56 - [INFO] ---- cutoff2: 144.000000
2023-12-12 22:08:56 - [INFO] ---- inv_cutoff2: 0.006944
2023-12-12 22:08:56 - [INFO] ---- regionZeroAddr: 140130891333632
2023-12-12 22:08:56 - [INFO] ---- zRegionIndex_t: 25
2023-12-12 22:08:56 - [INFO] kernel name: _Z9ori_cutcpiiP6float4fffPfi, kernel time: 0.225376 ms
2023-12-12 22:10:08 - [INFO] CUDA init complete
2023-12-12 22:10:08 - [INFO] success load module: /home/jxdeng/workspace/tacker/runtime/cubins/ori_cp.cubin
2023-12-12 22:10:08 - [INFO] success load module: /home/jxdeng/workspace/tacker/runtime/cubins/cp_fft.cubin
2023-12-12 22:10:08 - [INFO] success load module: /home/jxdeng/workspace/tacker/runtime/cubins/ori_cutcp.cubin
2023-12-12 22:10:08 - [INFO] kernel name: sub-cp, id: 5 is loading ...
2023-12-12 22:10:08 - [INFO] success load function: _Z6ori_cpifPf
2023-12-12 22:10:08 - [INFO] kernel name: _Z16g_general_ptb_cpifPfiiiiiiiiii, id: 6 is loading ...
2023-12-12 22:10:08 - [INFO] success load function: _Z16g_general_ptb_cpifPfiiiiiiiiii
2023-12-12 22:10:08 - [INFO] binDim_x: 32
2023-12-12 22:10:08 - [INFO] binDim_y: 32
2023-12-12 22:10:08 - [INFO] cutcp_ori_binZeroCuda: 140533381345664
2023-12-12 22:10:08 - [INFO] h: 0.500000
2023-12-12 22:10:08 - [INFO] cutoff2: 144.000000
2023-12-12 22:10:08 - [INFO] inv_cutoff2: 0.006944
2023-12-12 22:10:08 - [INFO] cutcp_ori_regionZeroCuda: 140533343191040
2023-12-12 22:10:08 - [INFO] zRegionIndex_t: 25
2023-12-12 22:10:08 - [INFO] kernel name: _Z9ori_cutcpiiP6float4fffPfi, id: 7 is loading ...
2023-12-12 22:10:08 - [INFO] success load function: _Z9ori_cutcpiiP6float4fffPfi
2023-12-12 22:10:08 - [INFO] kernel name: _Z16g_general_ptb_cpifPfiiiiiiiiii, kernel time: 3.435936 ms
2023-12-12 22:10:08 - [INFO] kernel name: _Z16g_general_ptb_cpifPfiiiiiiiiii, id: 6 is destroyed!
2023-12-12 22:10:08 - [INFO] kernel name: _Z9ori_cutcpiiP6float4fffPfi, id: 7 is executing ...
2023-12-12 22:10:08 - [INFO] -- launchGridDim: 26, 26, 2
2023-12-12 22:10:08 - [INFO] -- launchBlockDim: 8, 2, 8
2023-12-12 22:10:08 - [INFO] -- kernelParams: 
2023-12-12 22:10:08 - [INFO] ---- binDim_x: 32
2023-12-12 22:10:08 - [INFO] ---- binDim_y: 32
2023-12-12 22:10:08 - [INFO] ---- binZeroAddr: 140533381345664
2023-12-12 22:10:08 - [INFO] ---- h: 0.500000
2023-12-12 22:10:08 - [INFO] ---- cutoff2: 144.000000
2023-12-12 22:10:08 - [INFO] ---- inv_cutoff2: 0.006944
2023-12-12 22:10:08 - [INFO] ---- regionZeroAddr: 140533343191040
2023-12-12 22:10:08 - [INFO] ---- zRegionIndex_t: 25
2023-12-12 22:10:08 - [INFO] kernel name: _Z9ori_cutcpiiP6float4fffPfi, kernel time: 0.218144 ms
2023-12-12 22:21:22 - [INFO] CUDA init complete
2023-12-12 22:21:22 - [INFO] success load module: /home/jxdeng/workspace/tacker/runtime/cubins/ori_cp.cubin
2023-12-12 22:21:22 - [INFO] success load module: /home/jxdeng/workspace/tacker/runtime/cubins/cp_fft.cubin
2023-12-12 22:21:22 - [INFO] success load module: /home/jxdeng/workspace/tacker/runtime/cubins/ori_cutcp.cubin
2023-12-12 22:21:22 - [INFO] kernel name: sub-cp, id: 5 is loading ...
2023-12-12 22:21:22 - [INFO] success load function: _Z6ori_cpifPf
2023-12-12 22:21:22 - [INFO] kernel name: _Z16g_general_ptb_cpifPfiiiiiiiiii, id: 6 is loading ...
2023-12-12 22:21:22 - [INFO] success load function: _Z16g_general_ptb_cpifPfiiiiiiiiii
2023-12-12 22:21:22 - [INFO] binDim_x: 32
2023-12-12 22:21:22 - [INFO] binDim_y: 32
2023-12-12 22:21:22 - [INFO] cutcp_ori_binZeroCuda: 140677027869056
2023-12-12 22:21:22 - [INFO] h: 0.500000
2023-12-12 22:21:22 - [INFO] cutoff2: 144.000000
2023-12-12 22:21:22 - [INFO] inv_cutoff2: 0.006944
2023-12-12 22:21:22 - [INFO] cutcp_ori_regionZeroCuda: 140676989714432
2023-12-12 22:21:22 - [INFO] zRegionIndex_t: 25
2023-12-12 22:21:22 - [INFO] kernel name: _Z9ori_cutcpiiP6float4fffPfi, id: 7 is loading ...
2023-12-12 22:21:22 - [INFO] success load function: _Z9ori_cutcpiiP6float4fffPfi
2023-12-12 22:21:22 - [INFO] kernel name: _Z16g_general_ptb_cpifPfiiiiiiiiii, kernel time: 3.435136 ms
2023-12-12 22:21:22 - [INFO] kernel name: _Z16g_general_ptb_cpifPfiiiiiiiiii, id: 6 is destroyed!
2023-12-12 22:21:22 - [INFO] kernel name: _Z9ori_cutcpiiP6float4fffPfi, id: 7 is executing ...
2023-12-12 22:21:22 - [INFO] -- launchGridDim: 26, 26, 2
2023-12-12 22:21:22 - [INFO] -- launchBlockDim: 8, 2, 8
2023-12-12 22:21:22 - [INFO] -- kernelParams: 
2023-12-12 22:21:22 - [INFO] ---- binDim_x: 32
2023-12-12 22:21:22 - [INFO] ---- binDim_y: 32
2023-12-12 22:21:22 - [INFO] ---- binZeroAddr: 140677027869056
2023-12-12 22:21:22 - [INFO] ---- h: 0.500000
2023-12-12 22:21:22 - [INFO] ---- cutoff2: 144.000000
2023-12-12 22:21:22 - [INFO] ---- inv_cutoff2: 0.006944
2023-12-12 22:21:22 - [INFO] ---- regionZeroAddr: 140676989714432
2023-12-12 22:21:22 - [INFO] ---- zRegionIndex_t: 25
2023-12-12 22:21:22 - [INFO] kernel name: _Z9ori_cutcpiiP6float4fffPfi, kernel time: 0.218400 ms
2023-12-12 22:21:22 - [INFO] brefore free: this->CUTCPKernelParams->binZeroAddr: 140677027869056
2023-12-12 22:46:48 - [INFO] CUDA init complete
2023-12-12 22:46:48 - [INFO] success load module: /home/jxdeng/workspace/tacker/runtime/cubins/ori_cp.cubin
2023-12-12 22:46:48 - [INFO] success load module: /home/jxdeng/workspace/tacker/runtime/cubins/cp_fft.cubin
2023-12-12 22:46:48 - [INFO] success load module: /home/jxdeng/workspace/tacker/runtime/cubins/ori_cutcp.cubin
2023-12-12 22:46:48 - [INFO] kernel name: sub-cp, id: 5 is loading ...
2023-12-12 22:46:48 - [INFO] success load function: _Z6ori_cpifPf
2023-12-12 22:46:48 - [INFO] kernel name: _Z16g_general_ptb_cpifPfiiiiiiiiii, id: 6 is loading ...
2023-12-12 22:46:48 - [INFO] success load function: _Z16g_general_ptb_cpifPfiiiiiiiiii
2023-12-12 22:46:48 - [INFO] binDim_x: 32
2023-12-12 22:46:48 - [INFO] binDim_y: 32
2023-12-12 22:46:48 - [INFO] cutcp_ori_binZeroCuda: 140225854976384
2023-12-12 22:46:48 - [INFO] h: 0.500000
2023-12-12 22:46:48 - [INFO] cutoff2: 144.000000
2023-12-12 22:46:48 - [INFO] inv_cutoff2: 0.006944
2023-12-12 22:46:48 - [INFO] cutcp_ori_regionZeroCuda: 140225816821760
2023-12-12 22:46:48 - [INFO] zRegionIndex_t: 25
2023-12-12 22:47:34 - [INFO] CUDA init complete
2023-12-12 22:47:34 - [INFO] success load module: /home/jxdeng/workspace/tacker/runtime/cubins/ori_cp.cubin
2023-12-12 22:47:34 - [INFO] success load module: /home/jxdeng/workspace/tacker/runtime/cubins/cp_fft.cubin
2023-12-12 22:47:34 - [INFO] success load module: /home/jxdeng/workspace/tacker/runtime/cubins/ori_cutcp.cubin
2023-12-12 22:47:34 - [INFO] kernel name: sub-cp, id: 5 is loading ...
2023-12-12 22:47:34 - [INFO] success load function: _Z6ori_cpifPf
2023-12-12 22:47:34 - [INFO] kernel name: _Z16g_general_ptb_cpifPfiiiiiiiiii, id: 6 is loading ...
2023-12-12 22:47:34 - [INFO] success load function: _Z16g_general_ptb_cpifPfiiiiiiiiii
2023-12-12 22:47:34 - [INFO] binDim_x: 32
2023-12-12 22:47:34 - [INFO] binDim_y: 32
2023-12-12 22:47:34 - [INFO] cutcp_ori_binZeroCuda: 140675786355072
2023-12-12 22:47:34 - [INFO] h: 0.500000
2023-12-12 22:47:34 - [INFO] cutoff2: 144.000000
2023-12-12 22:47:34 - [INFO] inv_cutoff2: 0.006944
2023-12-12 22:47:34 - [INFO] cutcp_ori_regionZeroCuda: 140675748200448
2023-12-12 22:47:34 - [INFO] zRegionIndex_t: 25
2023-12-12 22:47:36 - [INFO] kernel name: _Z9ori_cutcpiiP6float4fffPfi, id: 7 is loading ...
2023-12-12 22:47:36 - [INFO] success load function: _Z9ori_cutcpiiP6float4fffPfi
2023-12-12 22:47:36 - [INFO] kernel name: _Z16g_general_ptb_cpifPfiiiiiiiiii, kernel time: 3.435456 ms
2023-12-12 22:47:36 - [INFO] kernel name: _Z16g_general_ptb_cpifPfiiiiiiiiii, id: 6 is destroyed!
2023-12-12 22:47:36 - [INFO] kernel name: _Z9ori_cutcpiiP6float4fffPfi, id: 7 is executing ...
2023-12-12 22:47:36 - [INFO] -- launchGridDim: 26, 26, 2
2023-12-12 22:47:36 - [INFO] -- launchBlockDim: 8, 2, 8
2023-12-12 22:47:36 - [INFO] -- kernelParams: 
2023-12-12 22:47:36 - [INFO] ---- binDim_x: 32
2023-12-12 22:47:36 - [INFO] ---- binDim_y: 32
2023-12-12 22:47:36 - [INFO] ---- binZeroAddr: 140675786355072
2023-12-12 22:47:36 - [INFO] ---- h: 0.500000
2023-12-12 22:47:36 - [INFO] ---- cutoff2: 144.000000
2023-12-12 22:47:36 - [INFO] ---- inv_cutoff2: 0.006944
2023-12-12 22:47:36 - [INFO] ---- regionZeroAddr: 140675748200448
2023-12-12 22:47:36 - [INFO] ---- zRegionIndex_t: 25
2023-12-12 22:58:41 - [INFO] CUDA init complete
2023-12-12 22:58:41 - [INFO] success load module: /home/jxdeng/workspace/tacker/runtime/cubins/ori_cp.cubin
2023-12-12 22:58:41 - [INFO] success load module: /home/jxdeng/workspace/tacker/runtime/cubins/cp_fft.cubin
2023-12-12 22:58:41 - [INFO] success load module: /home/jxdeng/workspace/tacker/runtime/cubins/ori_cutcp.cubin
2023-12-12 22:58:41 - [INFO] kernel name: sub-cp, id: 5 is loading ...
2023-12-12 22:58:41 - [INFO] success load function: _Z6ori_cpifPf
2023-12-12 22:58:41 - [INFO] kernel name: _Z16g_general_ptb_cpifPfiiiiiiiiii, id: 6 is loading ...
2023-12-12 22:58:41 - [INFO] success load function: _Z16g_general_ptb_cpifPfiiiiiiiiii
2023-12-12 22:58:42 - [INFO] binDim_x: 32
2023-12-12 22:58:42 - [INFO] binDim_y: 32
2023-12-12 22:58:42 - [INFO] cutcp_ori_binZeroCuda: 140479425819008
2023-12-12 22:58:42 - [INFO] h: 0.500000
2023-12-12 22:58:42 - [INFO] cutoff2: 144.000000
2023-12-12 22:58:42 - [INFO] inv_cutoff2: 0.006944
2023-12-12 22:58:42 - [INFO] cutcp_ori_regionZeroCuda: 140479387664384
2023-12-12 22:58:42 - [INFO] zRegionIndex_t: 25
2023-12-12 22:58:42 - [INFO] kernel name: _Z9ori_cutcpiiP6float4fffPfi, id: 7 is loading ...
2023-12-12 22:58:42 - [INFO] success load function: _Z9ori_cutcpiiP6float4fffPfi
2023-12-12 22:58:42 - [INFO] kernel name: _Z16g_general_ptb_cpifPfiiiiiiiiii, kernel time: 3.436544 ms
2023-12-12 22:58:42 - [INFO] kernel name: _Z16g_general_ptb_cpifPfiiiiiiiiii, id: 6 is destroyed!
2023-12-12 22:58:42 - [INFO] kernel name: _Z9ori_cutcpiiP6float4fffPfi, id: 7 is executing ...
2023-12-12 22:58:42 - [INFO] -- launchGridDim: 26, 26, 2
2023-12-12 22:58:42 - [INFO] -- launchBlockDim: 8, 2, 8
2023-12-12 22:58:42 - [INFO] -- kernelParams: 
2023-12-12 22:58:42 - [INFO] ---- binDim_x: 32
2023-12-12 22:58:42 - [INFO] ---- binDim_y: 32
2023-12-12 22:58:42 - [INFO] ---- binZeroAddr: 140479425819008
2023-12-12 22:58:42 - [INFO] ---- h: 0.500000
2023-12-12 22:58:42 - [INFO] ---- cutoff2: 144.000000
2023-12-12 22:58:42 - [INFO] ---- inv_cutoff2: 0.006944
2023-12-12 22:58:42 - [INFO] ---- regionZeroAddr: 140479387664384
2023-12-12 22:58:42 - [INFO] ---- zRegionIndex_t: 25
2023-12-12 22:58:42 - [INFO] kernel name: _Z9ori_cutcpiiP6float4fffPfi, kernel time: 0.223232 ms
2023-12-12 22:58:42 - [INFO] [OriCPKernel] id: 5 is destroyed!
2023-12-12 22:58:42 - [INFO] task name: Task3, id: 3 is destroyed!
2023-12-12 22:58:42 - [INFO] Tacker exit
2023-12-12 23:00:51 - [INFO] CUDA init complete
2023-12-12 23:00:51 - [INFO] success load module: /home/jxdeng/workspace/tacker/runtime/cubins/ori_cp.cubin
2023-12-12 23:00:51 - [INFO] success load module: /home/jxdeng/workspace/tacker/runtime/cubins/cp_fft.cubin
2023-12-12 23:00:51 - [INFO] success load module: /home/jxdeng/workspace/tacker/runtime/cubins/ori_cutcp.cubin
2023-12-12 23:00:51 - [INFO] kernel name: sub-cp, id: 5 is loading ...
2023-12-12 23:00:51 - [INFO] success load function: _Z6ori_cpifPf
2023-12-12 23:00:51 - [INFO] kernel name: _Z16g_general_ptb_cpifPfiiiiiiiiii, id: 6 is loading ...
2023-12-12 23:00:51 - [INFO] success load function: _Z16g_general_ptb_cpifPfiiiiiiiiii
2023-12-12 23:00:52 - [INFO] kernel name: _Z9ori_cutcpiiP6float4fffPfi, id: 7 is loading ...
2023-12-12 23:00:52 - [INFO] success load function: _Z9ori_cutcpiiP6float4fffPfi
2023-12-12 23:00:52 - [INFO] kernel name: _Z16g_general_ptb_cpifPfiiiiiiiiii, kernel time: 3.433312 ms
2023-12-12 23:00:52 - [INFO] kernel name: _Z16g_general_ptb_cpifPfiiiiiiiiii, id: 6 is destroyed!
2023-12-12 23:00:52 - [INFO] kernel name: _Z9ori_cutcpiiP6float4fffPfi, id: 7 is executing ...
2023-12-12 23:00:52 - [INFO] kernel name: _Z9ori_cutcpiiP6float4fffPfi, kernel time: 0.033760 ms
2023-12-12 23:00:52 - [INFO] kernel name: _Z9ori_cutcpiiP6float4fffPfi, id: 7 is destroyed!
2023-12-12 23:00:52 - [INFO] [OriCPKernel] id: 5 is destroyed!
2023-12-12 23:00:52 - [INFO] task name: Task3, id: 3 is destroyed!
2023-12-12 23:00:52 - [INFO] Tacker exit
2023-12-12 23:07:00 - [INFO] CUDA init complete
2023-12-12 23:07:00 - [INFO] success load module: /home/jxdeng/workspace/tacker/runtime/cubins/ori_cp.cubin
2023-12-12 23:07:00 - [INFO] success load module: /home/jxdeng/workspace/tacker/runtime/cubins/cp_fft.cubin
2023-12-12 23:07:00 - [INFO] success load module: /home/jxdeng/workspace/tacker/runtime/cubins/ori_cutcp.cubin
2023-12-12 23:07:00 - [INFO] kernel name: sub-cp, id: 5 is loading ...
2023-12-12 23:07:00 - [INFO] success load function: _Z6ori_cpifPf
2023-12-12 23:07:00 - [INFO] kernel name: _Z16g_general_ptb_cpifPfiiiiiiiiii, id: 6 is loading ...
2023-12-12 23:07:00 - [INFO] success load function: _Z16g_general_ptb_cpifPfiiiiiiiiii
2023-12-12 23:07:00 - [INFO] kernel name: _Z9ori_cutcpiiP6float4fffPfi, id: 7 is loading ...
2023-12-12 23:07:00 - [INFO] success load function: _Z9ori_cutcpiiP6float4fffPfi
2023-12-12 23:07:00 - [INFO] kernel name: _Z16g_general_ptb_cpifPfiiiiiiiiii, kernel time: 3.435808 ms
2023-12-12 23:07:00 - [INFO] kernel name: _Z16g_general_ptb_cpifPfiiiiiiiiii, id: 6 is destroyed!
2023-12-12 23:07:00 - [INFO] kernel name: _Z9ori_cutcpiiP6float4fffPfi, id: 7 is executing ...
2023-12-12 23:07:00 - [INFO] kernel name: _Z9ori_cutcpiiP6float4fffPfi, kernel time: 0.034240 ms
2023-12-12 23:07:00 - [INFO] kernel name: _Z9ori_cutcpiiP6float4fffPfi, id: 7 is destroyed!
2023-12-12 23:07:01 - [INFO] [OriCPKernel] id: 5 is destroyed!
2023-12-12 23:07:01 - [INFO] task name: Task3, id: 3 is destroyed!
2023-12-12 23:07:01 - [INFO] Tacker exit
2023-12-12 23:09:05 - [INFO] CUDA init complete
2023-12-12 23:09:05 - [INFO] success load module: /home/jxdeng/workspace/tacker/runtime/cubins/ori_cp.cubin
2023-12-12 23:09:05 - [INFO] success load module: /home/jxdeng/workspace/tacker/runtime/cubins/cp_fft.cubin
2023-12-12 23:09:05 - [INFO] success load module: /home/jxdeng/workspace/tacker/runtime/cubins/ori_cutcp.cubin
2023-12-12 23:09:06 - [INFO] kernel name: sub-cp, id: 5 is loading ...
2023-12-12 23:09:06 - [INFO] success load function: _Z6ori_cpifPf
2023-12-12 23:09:06 - [INFO] kernel name: _Z16g_general_ptb_cpifPfiiiiiiiiii, id: 6 is loading ...
2023-12-12 23:09:06 - [INFO] success load function: _Z16g_general_ptb_cpifPfiiiiiiiiii
2023-12-12 23:09:06 - [INFO] kernel name: _Z9ori_cutcpiiP6float4fffPfi, id: 7 is loading ...
2023-12-12 23:09:06 - [INFO] success load function: _Z9ori_cutcpiiP6float4fffPfi
2023-12-12 23:09:06 - [INFO] kernel name: _Z16g_general_ptb_cpifPfiiiiiiiiii, kernel time: 3.432448 ms
2023-12-12 23:09:06 - [INFO] kernel name: _Z16g_general_ptb_cpifPfiiiiiiiiii, id: 6 is destroyed!
2023-12-12 23:09:06 - [INFO] kernel name: _Z9ori_cutcpiiP6float4fffPfi, id: 7 is executing ...
2023-12-12 23:09:06 - [INFO] kernel name: _Z9ori_cutcpiiP6float4fffPfi, kernel time: 0.033920 ms
2023-12-12 23:09:06 - [INFO] kernel name: _Z9ori_cutcpiiP6float4fffPfi, id: 7 is destroyed!
2023-12-12 23:09:06 - [INFO] [OriCPKernel] id: 5 is destroyed!
2023-12-12 23:09:06 - [INFO] task name: Task3, id: 3 is destroyed!
2023-12-12 23:09:06 - [INFO] Tacker exit
2023-12-12 23:09:33 - [INFO] CUDA init complete
2023-12-12 23:09:33 - [INFO] success load module: /home/jxdeng/workspace/tacker/runtime/cubins/ori_cp.cubin
2023-12-12 23:09:33 - [INFO] success load module: /home/jxdeng/workspace/tacker/runtime/cubins/cp_fft.cubin
2023-12-12 23:09:33 - [INFO] success load module: /home/jxdeng/workspace/tacker/runtime/cubins/ori_cutcp.cubin
2023-12-12 23:09:33 - [INFO] kernel name: sub-cp, id: 5 is loading ...
2023-12-12 23:09:33 - [INFO] success load function: _Z6ori_cpifPf
2023-12-12 23:09:33 - [INFO] kernel name: _Z16g_general_ptb_cpifPfiiiiiiiiii, id: 6 is loading ...
2023-12-12 23:09:33 - [INFO] success load function: _Z16g_general_ptb_cpifPfiiiiiiiiii
2023-12-12 23:09:33 - [INFO] kernel name: _Z9ori_cutcpiiP6float4fffPfi, id: 7 is loading ...
2023-12-12 23:09:33 - [INFO] success load function: _Z9ori_cutcpiiP6float4fffPfi
2023-12-12 23:09:33 - [INFO] kernel name: _Z16g_general_ptb_cpifPfiiiiiiiiii, kernel time: 3.438752 ms
2023-12-12 23:09:33 - [INFO] kernel name: _Z16g_general_ptb_cpifPfiiiiiiiiii, id: 6 is destroyed!
2023-12-12 23:09:33 - [INFO] kernel name: _Z9ori_cutcpiiP6float4fffPfi, id: 7 is executing ...
2023-12-12 23:09:33 - [INFO] -- launchGridDim: 26, 26, 2
2023-12-12 23:09:33 - [INFO] -- launchBlockDim: 8, 2, 8
2023-12-12 23:09:33 - [INFO] kernel name: _Z9ori_cutcpiiP6float4fffPfi, kernel time: 0.069856 ms
2023-12-12 23:09:33 - [INFO] kernel name: _Z9ori_cutcpiiP6float4fffPfi, id: 7 is destroyed!
2023-12-12 23:09:33 - [INFO] [OriCPKernel] id: 5 is destroyed!
2023-12-12 23:09:33 - [INFO] task name: Task3, id: 3 is destroyed!
2023-12-12 23:09:33 - [INFO] Tacker exit
2023-12-12 23:20:54 - [INFO] CUDA init complete
2023-12-12 23:20:54 - [INFO] success load module: /home/jxdeng/workspace/tacker/runtime/cubins/ori_cp.cubin
2023-12-12 23:20:54 - [INFO] success load module: /home/jxdeng/workspace/tacker/runtime/cubins/cp_fft.cubin
2023-12-12 23:20:54 - [INFO] success load module: /home/jxdeng/workspace/tacker/runtime/cubins/ori_cutcp.cubin
2023-12-12 23:20:54 - [INFO] kernel name: sub-cp, id: 5 is loading ...
2023-12-12 23:20:54 - [INFO] success load function: _Z6ori_cpifPf
2023-12-12 23:20:54 - [INFO] kernel name: _Z16g_general_ptb_cpifPfiiiiiiiiii, id: 6 is loading ...
2023-12-12 23:20:54 - [INFO] success load function: _Z16g_general_ptb_cpifPfiiiiiiiiii
2023-12-12 23:20:54 - [INFO] kernel name: _Z9ori_cutcpiiP6float4fffPfi, id: 7 is loading ...
2023-12-12 23:20:54 - [INFO] success load function: _Z9ori_cutcpiiP6float4fffPfi
2023-12-12 23:20:54 - [INFO] kernel name: _Z16g_general_ptb_cpifPfiiiiiiiiii, kernel time: 3.445792 ms
2023-12-12 23:20:54 - [INFO] kernel name: _Z16g_general_ptb_cpifPfiiiiiiiiii, id: 6 is destroyed!
2023-12-12 23:20:54 - [INFO] kernel name: _Z9ori_cutcpiiP6float4fffPfi, id: 7 is executing ...
2023-12-12 23:20:54 - [INFO] -- launchGridDim: 26, 26, 2
2023-12-12 23:20:54 - [INFO] -- launchBlockDim: 8, 2, 8
2023-12-12 23:20:54 - [INFO] kernel name: _Z9ori_cutcpiiP6float4fffPfi, kernel time: 0.076032 ms
2023-12-12 23:20:54 - [INFO] kernel name: _Z9ori_cutcpiiP6float4fffPfi, id: 7 is destroyed!
2023-12-12 23:20:54 - [INFO] [OriCPKernel] id: 5 is destroyed!
2023-12-12 23:20:54 - [INFO] task name: Task3, id: 3 is destroyed!
2023-12-12 23:20:54 - [INFO] Tacker exit
2023-12-12 23:27:08 - [INFO] CUDA init complete
2023-12-12 23:27:08 - [INFO] success load module: /home/jxdeng/workspace/tacker/runtime/cubins/ori_cp.cubin
2023-12-12 23:27:08 - [INFO] success load module: /home/jxdeng/workspace/tacker/runtime/cubins/cp_fft.cubin
2023-12-12 23:27:08 - [INFO] success load module: /home/jxdeng/workspace/tacker/runtime/cubins/ori_cutcp.cubin
2023-12-12 23:27:08 - [INFO] kernel name: sub-cp, id: 5 is loading ...
2023-12-12 23:27:08 - [INFO] success load function: _Z6ori_cpifPf
2023-12-12 23:27:08 - [INFO] kernel name: _Z16g_general_ptb_cpifPfiiiiiiiiii, id: 6 is loading ...
2023-12-12 23:27:08 - [INFO] success load function: _Z16g_general_ptb_cpifPfiiiiiiiiii
2023-12-12 23:27:08 - [INFO] kernel name: _Z9ori_cutcpiiP6float4fffPfi, id: 7 is loading ...
2023-12-12 23:27:08 - [INFO] success load function: _Z9ori_cutcpiiP6float4fffPfi
2023-12-12 23:34:33 - [INFO] CUDA init complete
2023-12-12 23:34:34 - [INFO] success load module: /home/jxdeng/workspace/tacker/runtime/cubins/ori_cp.cubin
2023-12-12 23:34:34 - [INFO] success load module: /home/jxdeng/workspace/tacker/runtime/cubins/cp_fft.cubin
2023-12-12 23:34:34 - [INFO] success load module: /home/jxdeng/workspace/tacker/runtime/cubins/ori_cutcp.cubin
2023-12-12 23:34:34 - [INFO] kernel name: sub-cp, id: 5 is loading ...
2023-12-12 23:34:34 - [INFO] success load function: _Z6ori_cpifPf
2023-12-12 23:34:34 - [INFO] kernel name: _Z16g_general_ptb_cpifPfiiiiiiiiii, id: 6 is loading ...
2023-12-12 23:34:34 - [INFO] success load function: _Z16g_general_ptb_cpifPfiiiiiiiiii
2023-12-12 23:34:34 - [INFO] kernel name: _Z9ori_cutcpiiP6float4fffPfi, id: 7 is loading ...
2023-12-12 23:34:34 - [INFO] success load function: _Z9ori_cutcpiiP6float4fffPfi
2023-12-12 23:34:37 - [INFO] kernel name: _Z16g_general_ptb_cpifPfiiiiiiiiii, kernel time: 3.452800 ms
2023-12-12 23:34:37 - [INFO] kernel name: _Z16g_general_ptb_cpifPfiiiiiiiiii, id: 6 is destroyed!
2023-12-12 23:34:37 - [INFO] kernel name: _Z9ori_cutcpiiP6float4fffPfi, id: 7 is executing ...
2023-12-12 23:34:37 - [INFO] -- launchGridDim: 26, 26, 2
2023-12-12 23:34:37 - [INFO] -- launchBlockDim: 8, 2, 8
2023-12-12 23:34:37 - [INFO] kernel name: _Z9ori_cutcpiiP6float4fffPfi, kernel time: 0.077216 ms
2023-12-12 23:34:37 - [INFO] kernel name: _Z9ori_cutcpiiP6float4fffPfi, id: 7 is destroyed!
2023-12-12 23:34:37 - [INFO] [OriCPKernel] id: 5 is destroyed!
2023-12-12 23:34:37 - [INFO] task name: Task3, id: 3 is destroyed!
2023-12-12 23:34:37 - [INFO] Tacker exit
2023-12-13 10:23:57 - [INFO] CUDA init complete
2023-12-13 10:23:57 - [INFO] success load module: /home/jxdeng/workspace/tacker/runtime/cubins/ori_cp.cubin
2023-12-13 10:23:57 - [INFO] success load module: /home/jxdeng/workspace/tacker/runtime/cubins/cp_fft.cubin
2023-12-13 10:23:57 - [INFO] success load module: /home/jxdeng/workspace/tacker/runtime/cubins/ori_cutcp.cubin
2023-12-13 10:23:57 - [INFO] kernel name: sub-cp, id: 5 is loading ...
2023-12-13 10:23:57 - [INFO] success load function: _Z6ori_cpifPf
2023-12-13 10:23:57 - [INFO] kernel name: _Z16g_general_ptb_cpifPfiiiiiiiiii, id: 6 is loading ...
2023-12-13 10:23:57 - [INFO] success load function: _Z16g_general_ptb_cpifPfiiiiiiiiii
2023-12-13 10:23:57 - [INFO] kernel name: _Z9ori_cutcpiiP6float4fffPfi, id: 7 is loading ...
2023-12-13 10:23:57 - [INFO] success load function: _Z9ori_cutcpiiP6float4fffPfi
2023-12-13 10:26:43 - [INFO] CUDA init complete
2023-12-13 10:26:43 - [INFO] success load module: /home/jxdeng/workspace/tacker/runtime/cubins/ori_cp.cubin
2023-12-13 10:26:43 - [INFO] success load module: /home/jxdeng/workspace/tacker/runtime/cubins/cp_fft.cubin
2023-12-13 10:26:43 - [INFO] success load module: /home/jxdeng/workspace/tacker/runtime/cubins/ori_cutcp.cubin
2023-12-13 10:26:43 - [INFO] kernel name: sub-cp, id: 5 is loading ...
2023-12-13 10:26:43 - [INFO] success load function: _Z6ori_cpifPf
2023-12-13 10:26:43 - [INFO] kernel name: _Z16g_general_ptb_cpifPfiiiiiiiiii, id: 6 is loading ...
2023-12-13 10:26:43 - [INFO] success load function: _Z16g_general_ptb_cpifPfiiiiiiiiii
2023-12-13 10:26:43 - [INFO] kernel name: _Z9ori_cutcpiiP6float4fffPfi, id: 7 is loading ...
2023-12-13 10:26:43 - [INFO] success load function: _Z9ori_cutcpiiP6float4fffPfi
2023-12-13 10:41:13 - [INFO] CUDA init complete
2023-12-13 10:41:13 - [INFO] success load module: /home/jxdeng/workspace/tacker/runtime/cubins/ori_cp.cubin
2023-12-13 10:41:13 - [INFO] success load module: /home/jxdeng/workspace/tacker/runtime/cubins/cp_fft.cubin
2023-12-13 10:41:13 - [INFO] success load module: /home/jxdeng/workspace/tacker/runtime/cubins/ori_cutcp.cubin
2023-12-13 10:41:13 - [INFO] kernel name: sub-cp, id: 5 is loading ...
2023-12-13 10:41:13 - [INFO] success load function: _Z6ori_cpifPf
2023-12-13 10:41:13 - [INFO] kernel name: _Z16g_general_ptb_cpifPfiiiiiiiiii, id: 6 is loading ...
2023-12-13 10:41:13 - [INFO] success load function: _Z16g_general_ptb_cpifPfiiiiiiiiii
2023-12-13 10:41:13 - [INFO] kernel name: _Z9ori_cutcpiiP6float4fffPfi, id: 7 is loading ...
2023-12-13 10:41:13 - [INFO] success load function: _Z9ori_cutcpiiP6float4fffPfi
2023-12-13 11:08:32 - [INFO] CUDA init complete
2023-12-13 11:08:32 - [INFO] success load module: /home/jxdeng/workspace/tacker/runtime/cubins/ori_cp.cubin
2023-12-13 11:08:32 - [INFO] success load module: /home/jxdeng/workspace/tacker/runtime/cubins/cp_fft.cubin
2023-12-13 11:08:32 - [INFO] success load module: /home/jxdeng/workspace/tacker/runtime/cubins/ori_cutcp.cubin
2023-12-13 11:08:32 - [INFO] kernel name: sub-cp, id: 5 is loading ...
2023-12-13 11:08:32 - [INFO] success load function: _Z6ori_cpifPf
2023-12-13 11:08:32 - [INFO] kernel name: _Z16g_general_ptb_cpifPfiiiiiiiiii, id: 6 is loading ...
2023-12-13 11:08:32 - [INFO] success load function: _Z16g_general_ptb_cpifPfiiiiiiiiii
2023-12-13 11:08:32 - [INFO] kernel name: _Z9ori_cutcpiiP6float4fffPfi, id: 7 is loading ...
2023-12-13 11:08:32 - [INFO] success load function: _Z9ori_cutcpiiP6float4fffPfi
2023-12-13 11:09:49 - [INFO] CUDA init complete
2023-12-13 11:09:49 - [INFO] success load module: /home/jxdeng/workspace/tacker/runtime/cubins/ori_cp.cubin
2023-12-13 11:09:49 - [INFO] success load module: /home/jxdeng/workspace/tacker/runtime/cubins/cp_fft.cubin
2023-12-13 11:09:49 - [INFO] success load module: /home/jxdeng/workspace/tacker/runtime/cubins/ori_cutcp.cubin
2023-12-13 11:09:49 - [INFO] kernel name: sub-cp, id: 5 is loading ...
2023-12-13 11:09:49 - [INFO] success load function: _Z6ori_cpifPf
2023-12-13 11:09:49 - [INFO] kernel name: _Z16g_general_ptb_cpifPfiiiiiiiiii, id: 6 is loading ...
2023-12-13 11:09:49 - [INFO] success load function: _Z16g_general_ptb_cpifPfiiiiiiiiii
2023-12-13 11:09:49 - [INFO] kernel name: _Z9ori_cutcpiiP6float4fffPfi, id: 7 is loading ...
2023-12-13 11:09:49 - [INFO] success load function: _Z9ori_cutcpiiP6float4fffPfi
2023-12-13 11:15:53 - [INFO] CUDA init complete
2023-12-13 11:15:53 - [INFO] success load module: /home/jxdeng/workspace/tacker/runtime/cubins/ori_cp.cubin
2023-12-13 11:15:53 - [INFO] success load module: /home/jxdeng/workspace/tacker/runtime/cubins/cp_fft.cubin
2023-12-13 11:15:53 - [INFO] success load module: /home/jxdeng/workspace/tacker/runtime/cubins/ori_cutcp.cubin
2023-12-13 11:15:53 - [INFO] kernel name: sub-cp, id: 5 is loading ...
2023-12-13 11:15:53 - [INFO] success load function: _Z6ori_cpifPf
2023-12-13 11:15:53 - [INFO] kernel name: _Z16g_general_ptb_cpifPfiiiiiiiiii, id: 6 is loading ...
2023-12-13 11:15:53 - [INFO] success load function: _Z16g_general_ptb_cpifPfiiiiiiiiii
2023-12-13 11:15:53 - [INFO] kernel name: _Z9ori_cutcpiiP6float4fffPfi, id: 7 is loading ...
2023-12-13 11:15:53 - [INFO] success load function: _Z9ori_cutcpiiP6float4fffPfi
2023-12-13 11:21:21 - [INFO] CUDA init complete
2023-12-13 11:21:21 - [INFO] success load module: /home/jxdeng/workspace/tacker/runtime/cubins/ori_cp.cubin
2023-12-13 11:21:21 - [INFO] success load module: /home/jxdeng/workspace/tacker/runtime/cubins/cp_fft.cubin
2023-12-13 11:21:21 - [INFO] success load module: /home/jxdeng/workspace/tacker/runtime/cubins/ori_cutcp.cubin
2023-12-13 11:21:21 - [INFO] kernel name: sub-cp, id: 5 is loading ...
2023-12-13 11:21:21 - [INFO] success load function: _Z6ori_cpifPf
2023-12-13 11:21:21 - [INFO] kernel name: _Z16g_general_ptb_cpifPfiiiiiiiiii, id: 6 is loading ...
2023-12-13 11:21:21 - [INFO] success load function: _Z16g_general_ptb_cpifPfiiiiiiiiii
2023-12-13 11:21:21 - [INFO] kernel name: ori_cutcp, id: 7 is loading ...
2023-12-13 11:21:21 - [INFO] success load function: ori_cutcp
2023-12-13 11:27:38 - [INFO] CUDA init complete
2023-12-13 11:27:39 - [INFO] success load module: /home/jxdeng/workspace/tacker/runtime/cubins/ori_cp.cubin
2023-12-13 11:27:39 - [INFO] success load module: /home/jxdeng/workspace/tacker/runtime/cubins/cp_fft.cubin
2023-12-13 11:27:39 - [INFO] success load module: /home/jxdeng/workspace/tacker/runtime/cubins/ori_cutcp.cubin
2023-12-13 11:27:39 - [INFO] kernel name: sub-cp, id: 5 is loading ...
2023-12-13 11:27:39 - [INFO] success load function: _Z6ori_cpifPf
2023-12-13 11:27:39 - [INFO] kernel name: _Z16g_general_ptb_cpifPfiiiiiiiiii, id: 6 is loading ...
2023-12-13 11:27:39 - [INFO] success load function: _Z16g_general_ptb_cpifPfiiiiiiiiii
2023-12-13 11:27:39 - [INFO] kernel name: ori_cutcp, id: 7 is loading ...
2023-12-13 11:27:39 - [INFO] success load function: ori_cutcp
2023-12-13 11:28:01 - [INFO] Tacker exit
2023-12-13 11:29:27 - [INFO] CUDA init complete
2023-12-13 11:29:27 - [INFO] success load module: /home/jxdeng/workspace/tacker/runtime/cubins/ori_cp.cubin
2023-12-13 11:29:27 - [INFO] success load module: /home/jxdeng/workspace/tacker/runtime/cubins/cp_fft.cubin
2023-12-13 11:29:27 - [INFO] success load module: /home/jxdeng/workspace/tacker/runtime/cubins/ori_cutcp.cubin
2023-12-13 11:29:27 - [INFO] kernel name: sub-cp, id: 5 is loading ...
2023-12-13 11:29:27 - [INFO] success load function: _Z6ori_cpifPf
2023-12-13 11:29:27 - [INFO] kernel name: _Z16g_general_ptb_cpifPfiiiiiiiiii, id: 6 is loading ...
2023-12-13 11:29:27 - [INFO] success load function: _Z16g_general_ptb_cpifPfiiiiiiiiii
2023-12-13 11:29:27 - [INFO] kernel name: ori_cutcp, id: 7 is loading ...
2023-12-13 11:29:27 - [INFO] success load function: ori_cutcp
2023-12-13 11:35:04 - [INFO] Tacker exit
2023-12-13 11:35:27 - [INFO] CUDA init complete
2023-12-13 11:35:27 - [INFO] success load module: /home/jxdeng/workspace/tacker/runtime/cubins/ori_cp.cubin
2023-12-13 11:35:27 - [INFO] success load module: /home/jxdeng/workspace/tacker/runtime/cubins/cp_fft.cubin
2023-12-13 11:35:27 - [INFO] success load module: /home/jxdeng/workspace/tacker/runtime/cubins/ori_cutcp.cubin
2023-12-13 11:35:27 - [INFO] kernel name: sub-cp, id: 5 is loading ...
2023-12-13 11:35:27 - [INFO] success load function: _Z6ori_cpifPf
2023-12-13 11:35:27 - [INFO] kernel name: _Z16g_general_ptb_cpifPfiiiiiiiiii, id: 6 is loading ...
2023-12-13 11:35:27 - [INFO] success load function: _Z16g_general_ptb_cpifPfiiiiiiiiii
2023-12-13 11:35:27 - [INFO] kernel name: ori_cutcp, id: 7 is loading ...
2023-12-13 11:35:27 - [INFO] success load function: ori_cutcp
2023-12-13 11:35:32 - [INFO] Tacker exit
2023-12-13 11:35:45 - [INFO] CUDA init complete
2023-12-13 11:35:45 - [INFO] success load module: /home/jxdeng/workspace/tacker/runtime/cubins/ori_cp.cubin
2023-12-13 11:35:45 - [INFO] success load module: /home/jxdeng/workspace/tacker/runtime/cubins/cp_fft.cubin
2023-12-13 11:35:45 - [INFO] success load module: /home/jxdeng/workspace/tacker/runtime/cubins/ori_cutcp.cubin
2023-12-13 11:35:45 - [INFO] kernel name: sub-cp, id: 5 is loading ...
2023-12-13 11:35:45 - [INFO] success load function: _Z6ori_cpifPf
2023-12-13 11:35:45 - [INFO] kernel name: _Z16g_general_ptb_cpifPfiiiiiiiiii, id: 6 is loading ...
2023-12-13 11:35:45 - [INFO] success load function: _Z16g_general_ptb_cpifPfiiiiiiiiii
2023-12-13 11:35:45 - [INFO] kernel name: ori_cutcp, id: 7 is loading ...
2023-12-13 11:35:45 - [INFO] success load function: ori_cutcp
2023-12-13 11:35:47 - [INFO] Tacker exit
2023-12-13 15:16:52 - [INFO] CUDA init complete
2023-12-13 15:16:52 - [INFO] success load module: /home/jxdeng/workspace/tacker/runtime/cubins/ori_cp.cubin
2023-12-13 15:16:52 - [INFO] success load module: /home/jxdeng/workspace/tacker/runtime/cubins/cp_fft.cubin
2023-12-13 15:16:52 - [INFO] success load module: /home/jxdeng/workspace/tacker/runtime/cubins/ori_cutcp.cubin
2023-12-13 15:16:52 - [INFO] kernel name: sub-cp, id: 5 is loading ...
2023-12-13 15:16:52 - [INFO] success load function: _Z6ori_cpifPf
2023-12-13 15:16:52 - [INFO] kernel name: _Z16g_general_ptb_cpifPfiiiiiiiiii, id: 6 is loading ...
2023-12-13 15:16:52 - [INFO] success load function: _Z16g_general_ptb_cpifPfiiiiiiiiii
2023-12-13 15:16:52 - [INFO] kernel name: ori_cutcp, id: 7 is loading ...
2023-12-13 15:16:52 - [INFO] success load function: ori_cutcp
2023-12-13 15:16:55 - [INFO] kernel name: _Z16g_general_ptb_cpifPfiiiiiiiiii, kernel time: 3.430336 ms
2023-12-13 15:16:55 - [INFO] kernel name: _Z16g_general_ptb_cpifPfiiiiiiiiii, id: 6 is destroyed!
2023-12-13 15:16:55 - [INFO] kernel name: ori_cutcp, id: 7 is executing ...
2023-12-13 15:16:55 - [INFO] -- launchGridDim: 26, 26, 2
2023-12-13 15:16:55 - [INFO] -- launchBlockDim: 8, 2, 8
2023-12-13 15:16:55 - [INFO] kernel name: ori_cutcp, kernel time: 0.069344 ms
2023-12-13 15:16:55 - [INFO] kernel name: ori_cutcp, id: 7 is destroyed!
2023-12-13 15:16:55 - [INFO] [OriCPKernel] id: 5 is destroyed!
2023-12-13 15:16:55 - [INFO] task name: Task3, id: 3 is destroyed!
2023-12-13 15:16:55 - [INFO] Tacker exit
2023-12-13 16:30:54 - [INFO] CUDA init complete
2023-12-13 16:30:54 - [INFO] success load module: /home/jxdeng/workspace/tacker/runtime/cubins/ori_cp.cubin
2023-12-13 16:30:54 - [INFO] success load module: /home/jxdeng/workspace/tacker/runtime/cubins/cp_fft.cubin
2023-12-13 16:30:54 - [INFO] success load module: /home/jxdeng/workspace/tacker/runtime/cubins/ori_cutcp.cubin
2023-12-13 16:30:54 - [INFO] success load module: /home/jxdeng/workspace/tacker/runtime/cubins/ori_fft.cubin
2023-12-13 16:30:54 - [INFO] kernel name: sub-cp, id: 5 is loading ...
2023-12-13 16:30:54 - [INFO] success load function: _Z6ori_cpifPf
2023-12-13 16:30:54 - [INFO] kernel name: _Z16g_general_ptb_cpifPfiiiiiiiiii, id: 6 is loading ...
2023-12-13 16:30:54 - [INFO] success load function: _Z16g_general_ptb_cpifPfiiiiiiiiii
2023-12-13 16:30:54 - [INFO] kernel name: ori_fft, id: 7 is loading ...
2023-12-13 16:30:54 - [INFO] success load function: ori_fft
2023-12-13 16:30:55 - [INFO] kernel name: _Z16g_general_ptb_cpifPfiiiiiiiiii, kernel time: 3.427552 ms
2023-12-13 16:30:55 - [INFO] kernel name: _Z16g_general_ptb_cpifPfiiiiiiiiii, id: 6 is destroyed!
2023-12-13 16:30:55 - [INFO] kernel name: ori_fft, id: 7 is executing ...
2023-12-13 16:30:55 - [INFO] -- launchGridDim: 10240, 1, 1
2023-12-13 16:30:55 - [INFO] -- launchBlockDim: 128, 1, 1
2023-12-13 16:30:55 - [INFO] kernel name: ori_fft, kernel time: 1.548320 ms
2023-12-13 16:30:55 - [INFO] kernel name: ori_fft, id: 7 is destroyed!
2023-12-13 16:30:55 - [INFO] [OriCPKernel] id: 5 is destroyed!
2023-12-13 16:30:55 - [INFO] task name: Task3, id: 3 is destroyed!
2023-12-13 16:30:55 - [INFO] Tacker exit
2023-12-13 16:54:07 - [INFO] CUDA init complete
2023-12-13 16:54:07 - [INFO] success load module: /home/jxdeng/workspace/tacker/runtime/cubins/ori_cp.cubin
2023-12-13 16:54:07 - [INFO] success load module: /home/jxdeng/workspace/tacker/runtime/cubins/cp_fft.cubin
2023-12-13 16:54:07 - [INFO] success load module: /home/jxdeng/workspace/tacker/runtime/cubins/ori_cutcp.cubin
2023-12-13 16:54:07 - [INFO] success load module: /home/jxdeng/workspace/tacker/runtime/cubins/ori_fft.cubin
2023-12-13 16:54:07 - [INFO] kernel name: Task1 CP 1, id: 1 is loading ...
2023-12-13 16:54:07 - [INFO] success load function: _Z6ori_cpifPf
2023-12-13 16:54:07 - [INFO] kernel name: ori_fft, id: 2 is loading ...
2023-12-13 16:54:07 - [INFO] success load function: ori_fft
2023-12-13 16:54:08 - [INFO] kernel name: sub-cp, id: 5 is loading ...
2023-12-13 16:54:08 - [INFO] success find function: _Z6ori_cpifPf
2023-12-13 16:54:08 - [INFO] kernel name: _Z16g_general_ptb_cpifPfiiiiiiiiii, id: 6 is loading ...
2023-12-13 16:54:08 - [INFO] success load function: _Z16g_general_ptb_cpifPfiiiiiiiiii
2023-12-13 16:54:08 - [INFO] kernel name: ori_fft, id: 7 is loading ...
2023-12-13 16:54:08 - [INFO] success find function: ori_fft
2023-12-13 16:54:08 - [INFO] kernel name: g_general_ptb_fft, id: 8 is loading ...
2023-12-13 16:54:08 - [INFO] success load function: g_general_ptb_fft
2023-12-13 16:54:08 - [INFO] kernel name: _Z16g_general_ptb_cpifPfiiiiiiiiii, kernel time: 3.469344 ms
2023-12-13 16:54:08 - [INFO] kernel name: _Z16g_general_ptb_cpifPfiiiiiiiiii, id: 6 is destroyed!
2023-12-13 16:54:08 - [INFO] kernel name: g_general_ptb_fft, kernel time: 1.551904 ms
2023-12-13 16:54:08 - [INFO] kernel name: g_general_ptb_fft, id: 8 is destroyed!
2023-12-13 16:54:08 - [INFO] kernel name: ori_fft, id: 7 is destroyed!
2023-12-13 16:54:08 - [INFO] [OriCPKernel] id: 5 is destroyed!
2023-12-13 16:54:08 - [INFO] task name: Task3, id: 3 is destroyed!
2023-12-13 16:54:08 - [INFO] [OriCPKernel] id: 1 is destroyed!
2023-12-13 16:54:08 - [INFO] kernel name: ori_fft, id: 2 is destroyed!
2023-12-13 16:54:08 - [INFO] task name: Task1, id: 1 is destroyed!
2023-12-13 16:54:08 - [INFO] Tacker exit
2023-12-13 17:35:04 - [INFO] CUDA init complete
2023-12-13 17:35:04 - [INFO] success load module: /home/jxdeng/workspace/tacker/runtime/cubins/ori_cp.cubin
2023-12-13 17:35:04 - [INFO] success load module: /home/jxdeng/workspace/tacker/runtime/cubins/cp_fft.cubin
2023-12-13 17:35:04 - [INFO] success load module: /home/jxdeng/workspace/tacker/runtime/cubins/ori_cutcp.cubin
2023-12-13 17:35:04 - [INFO] success load module: /home/jxdeng/workspace/tacker/runtime/cubins/ori_fft.cubin
2023-12-13 17:35:04 - [INFO] kernel name: Task1 CP 1, id: 1 is loading ...
2023-12-13 17:35:04 - [INFO] success load function: _Z6ori_cpifPf
2023-12-13 17:35:04 - [INFO] kernel name: ori_fft, id: 2 is loading ...
2023-12-13 17:35:04 - [INFO] success load function: ori_fft
2023-12-13 17:35:05 - [INFO] kernel name: sub-cp, id: 5 is loading ...
2023-12-13 17:35:05 - [INFO] success find function: _Z6ori_cpifPf
2023-12-13 17:35:05 - [INFO] kernel name: _Z16g_general_ptb_cpifPfiiiiiiiiii, id: 6 is loading ...
2023-12-13 17:35:05 - [INFO] success load function: _Z16g_general_ptb_cpifPfiiiiiiiiii
2023-12-13 17:35:05 - [INFO] [OriCPKernel] id: 5 is destroyed!
2023-12-13 17:35:05 - [INFO] kernel name: ori_fft, id: 7 is loading ...
2023-12-13 17:35:05 - [INFO] success find function: ori_fft
2023-12-13 17:35:05 - [INFO] kernel name: g_general_ptb_fft, id: 8 is loading ...
2023-12-13 17:35:05 - [INFO] success load function: g_general_ptb_fft
2023-12-13 17:35:05 - [INFO] kernel name: ori_fft, id: 7 is destroyed!
2023-12-13 17:35:05 - [INFO] kernel name: ori_fft, id: 9 is loading ...
2023-12-13 17:35:05 - [INFO] success find function: ori_fft
2023-12-13 17:35:05 - [INFO] kernel name: sub-cp, id: 10 is loading ...
2023-12-13 17:35:05 - [INFO] success find function: _Z6ori_cpifPf
2023-12-13 17:35:05 - [INFO] kernel name: _Z16g_general_ptb_cpifPfiiiiiiiiii, id: 11 is loading ...
2023-12-13 17:35:05 - [INFO] success find function: _Z16g_general_ptb_cpifPfiiiiiiiiii
2023-12-13 17:35:05 - [INFO] [OriCPKernel] id: 10 is destroyed!
2023-12-13 17:35:05 - [INFO] kernel name: g_general_ptb_fft, id: 12 is loading ...
2023-12-13 17:35:05 - [INFO] success find function: g_general_ptb_fft
2023-12-13 17:35:05 - [INFO] kernel name: ori_fft, id: 9 is destroyed!
2023-12-13 17:35:05 - [INFO] kernel name: , id: 0 is loading ...
2023-12-13 17:35:05 - [ERROR] can't find module: 
2023-12-13 17:35:05 - [ERROR] kernel name: , id: 0 load failed!
2023-12-13 17:35:05 - [INFO] Tacker exit
2023-12-13 17:36:19 - [INFO] CUDA init complete
2023-12-13 17:36:19 - [INFO] success load module: /home/jxdeng/workspace/tacker/runtime/cubins/ori_cp.cubin
2023-12-13 17:36:19 - [INFO] success load module: /home/jxdeng/workspace/tacker/runtime/cubins/cp_fft.cubin
2023-12-13 17:36:19 - [INFO] success load module: /home/jxdeng/workspace/tacker/runtime/cubins/ori_cutcp.cubin
2023-12-13 17:36:19 - [INFO] success load module: /home/jxdeng/workspace/tacker/runtime/cubins/ori_fft.cubin
2023-12-13 17:36:19 - [INFO] kernel name: Task1 CP 1, id: 1 is loading ...
2023-12-13 17:36:19 - [INFO] success load function: _Z6ori_cpifPf
2023-12-13 17:36:19 - [INFO] kernel name: ori_fft, id: 2 is loading ...
2023-12-13 17:36:19 - [INFO] success load function: ori_fft
2023-12-13 17:36:19 - [INFO] kernel name: sub-cp, id: 5 is loading ...
2023-12-13 17:36:19 - [INFO] success find function: _Z6ori_cpifPf
2023-12-13 17:36:19 - [INFO] kernel name: _Z16g_general_ptb_cpifPfiiiiiiiiii, id: 6 is loading ...
2023-12-13 17:36:19 - [INFO] success load function: _Z16g_general_ptb_cpifPfiiiiiiiiii
2023-12-13 17:36:19 - [INFO] [OriCPKernel] id: 5 is destroyed!
2023-12-13 17:36:19 - [INFO] kernel name: ori_fft, id: 7 is loading ...
2023-12-13 17:36:19 - [INFO] success find function: ori_fft
2023-12-13 17:36:19 - [INFO] kernel name: g_general_ptb_fft, id: 8 is loading ...
2023-12-13 17:36:19 - [INFO] success load function: g_general_ptb_fft
2023-12-13 17:36:19 - [INFO] kernel name: ori_fft, id: 7 is destroyed!
2023-12-13 17:36:19 - [INFO] kernel name: ori_fft, id: 9 is loading ...
2023-12-13 17:36:19 - [INFO] success find function: ori_fft
2023-12-13 17:36:19 - [INFO] kernel name: sub-cp, id: 10 is loading ...
2023-12-13 17:36:19 - [INFO] success find function: _Z6ori_cpifPf
2023-12-13 17:36:19 - [INFO] kernel name: _Z16g_general_ptb_cpifPfiiiiiiiiii, id: 11 is loading ...
2023-12-13 17:36:19 - [INFO] success find function: _Z16g_general_ptb_cpifPfiiiiiiiiii
2023-12-13 17:36:19 - [INFO] [OriCPKernel] id: 10 is destroyed!
2023-12-13 17:36:19 - [INFO] kernel name: g_general_ptb_fft, id: 12 is loading ...
2023-12-13 17:36:19 - [INFO] success find function: g_general_ptb_fft
2023-12-13 17:36:19 - [INFO] kernel name: ori_fft, id: 9 is destroyed!
2023-12-13 17:36:19 - [INFO] kernel name: , id: 13 is loading ...
2023-12-13 17:36:19 - [ERROR] can't find module: 
2023-12-13 17:36:19 - [ERROR] kernel name: , id: 13 load failed!
2023-12-13 17:36:19 - [INFO] Tacker exit
2023-12-13 17:38:32 - [INFO] CUDA init complete
2023-12-13 17:38:32 - [INFO] success load module: /home/jxdeng/workspace/tacker/runtime/cubins/ori_cp.cubin
2023-12-13 17:38:32 - [INFO] success load module: /home/jxdeng/workspace/tacker/runtime/cubins/cp_fft.cubin
2023-12-13 17:38:32 - [INFO] success load module: /home/jxdeng/workspace/tacker/runtime/cubins/ori_cutcp.cubin
2023-12-13 17:38:32 - [INFO] success load module: /home/jxdeng/workspace/tacker/runtime/cubins/ori_fft.cubin
2023-12-13 17:38:32 - [INFO] kernel name: Task1 CP 1, id: 1 is loading ...
2023-12-13 17:38:32 - [INFO] success load function: _Z6ori_cpifPf
2023-12-13 17:38:32 - [INFO] kernel name: ori_fft, id: 2 is loading ...
2023-12-13 17:38:32 - [INFO] success load function: ori_fft
2023-12-13 17:38:32 - [INFO] kernel name: sub-cp, id: 5 is loading ...
2023-12-13 17:38:32 - [INFO] success find function: _Z6ori_cpifPf
2023-12-13 17:38:32 - [INFO] kernel name: _Z16g_general_ptb_cpifPfiiiiiiiiii, id: 6 is loading ...
2023-12-13 17:38:32 - [INFO] success load function: _Z16g_general_ptb_cpifPfiiiiiiiiii
2023-12-13 17:38:32 - [INFO] [OriCPKernel] id: 5 is destroyed!
2023-12-13 17:38:32 - [INFO] kernel name: ori_fft, id: 7 is loading ...
2023-12-13 17:38:32 - [INFO] success find function: ori_fft
2023-12-13 17:38:32 - [INFO] kernel name: g_general_ptb_fft, id: 8 is loading ...
2023-12-13 17:38:32 - [INFO] success load function: g_general_ptb_fft
2023-12-13 17:38:32 - [INFO] kernel name: ori_fft, id: 7 is destroyed!
2023-12-13 17:38:32 - [INFO] kernel name: ori_fft, id: 9 is loading ...
2023-12-13 17:38:32 - [INFO] success find function: ori_fft
2023-12-13 17:38:33 - [INFO] kernel name: sub-cp, id: 10 is loading ...
2023-12-13 17:38:33 - [INFO] success find function: _Z6ori_cpifPf
2023-12-13 17:38:33 - [INFO] kernel name: _Z16g_general_ptb_cpifPfiiiiiiiiii, id: 11 is loading ...
2023-12-13 17:38:33 - [INFO] success find function: _Z16g_general_ptb_cpifPfiiiiiiiiii
2023-12-13 17:38:33 - [INFO] [OriCPKernel] id: 10 is destroyed!
2023-12-13 17:38:33 - [INFO] kernel name: g_general_ptb_fft, id: 12 is loading ...
2023-12-13 17:38:33 - [INFO] success find function: g_general_ptb_fft
2023-12-13 17:38:33 - [INFO] kernel name: ori_fft, id: 9 is destroyed!
2023-12-13 17:38:33 - [INFO] kernel name: mixed_cp_fft_kernel_3_1, id: 13 is loading ...
2023-12-13 17:38:33 - [INFO] success load function: mixed_cp_fft_kernel_3_1
2023-12-13 17:57:27 - [INFO] CUDA init complete
2023-12-13 17:57:27 - [INFO] success load module: /home/jxdeng/workspace/tacker/runtime/cubins/ori_cp.cubin
2023-12-13 17:57:27 - [INFO] success load module: /home/jxdeng/workspace/tacker/runtime/cubins/cp_fft.cubin
2023-12-13 17:57:27 - [INFO] success load module: /home/jxdeng/workspace/tacker/runtime/cubins/ori_cutcp.cubin
2023-12-13 17:57:27 - [INFO] success load module: /home/jxdeng/workspace/tacker/runtime/cubins/ori_fft.cubin
2023-12-13 17:57:27 - [INFO] kernel name: Task1 CP 1, id: 1 is loading ...
2023-12-13 17:57:27 - [INFO] success load function: _Z6ori_cpifPf
2023-12-13 17:57:27 - [INFO] kernel name: ori_fft, id: 2 is loading ...
2023-12-13 17:57:27 - [INFO] success load function: ori_fft
2023-12-13 17:57:27 - [INFO] kernel name: sub-cp, id: 5 is loading ...
2023-12-13 17:57:27 - [INFO] success find function: _Z6ori_cpifPf
2023-12-13 17:57:27 - [INFO] kernel name: _Z16g_general_ptb_cpifPfiiiiiiiiii, id: 6 is loading ...
2023-12-13 17:57:27 - [INFO] success load function: _Z16g_general_ptb_cpifPfiiiiiiiiii
2023-12-13 17:57:27 - [INFO] [OriCPKernel] id: 5 is destroyed!
2023-12-13 17:57:27 - [INFO] kernel name: ori_fft, id: 7 is loading ...
2023-12-13 17:57:27 - [INFO] success find function: ori_fft
2023-12-13 17:57:27 - [INFO] kernel name: g_general_ptb_fft, id: 8 is loading ...
2023-12-13 17:57:27 - [INFO] success load function: g_general_ptb_fft
2023-12-13 17:57:27 - [INFO] kernel name: ori_fft, id: 7 is destroyed!
2023-12-13 17:57:27 - [INFO] kernel name: ori_fft, id: 9 is loading ...
2023-12-13 17:57:27 - [INFO] success find function: ori_fft
2023-12-13 17:57:27 - [INFO] kernel name: sub-cp, id: 10 is loading ...
2023-12-13 17:57:27 - [INFO] success find function: _Z6ori_cpifPf
2023-12-13 17:57:27 - [INFO] kernel name: _Z16g_general_ptb_cpifPfiiiiiiiiii, id: 11 is loading ...
2023-12-13 17:57:27 - [INFO] success find function: _Z16g_general_ptb_cpifPfiiiiiiiiii
2023-12-13 17:57:27 - [INFO] [OriCPKernel] id: 10 is destroyed!
2023-12-13 17:57:27 - [INFO] kernel name: g_general_ptb_fft, id: 12 is loading ...
2023-12-13 17:57:27 - [INFO] success find function: g_general_ptb_fft
2023-12-13 17:57:27 - [INFO] kernel name: ori_fft, id: 9 is destroyed!
2023-12-13 17:57:27 - [INFO] kernel name: mixed_cp_fft_kernel_3_1, id: 13 is loading ...
2023-12-13 17:57:27 - [INFO] success load function: mixed_cp_fft_kernel_3_1
2023-12-13 17:58:02 - [INFO] CUDA init complete
2023-12-13 17:58:02 - [INFO] success load module: /home/jxdeng/workspace/tacker/runtime/cubins/ori_cp.cubin
2023-12-13 17:58:02 - [INFO] success load module: /home/jxdeng/workspace/tacker/runtime/cubins/cp_fft.cubin
2023-12-13 17:58:02 - [INFO] success load module: /home/jxdeng/workspace/tacker/runtime/cubins/ori_cutcp.cubin
2023-12-13 17:58:02 - [INFO] success load module: /home/jxdeng/workspace/tacker/runtime/cubins/ori_fft.cubin
2023-12-13 17:58:02 - [INFO] kernel name: sub-cp, id: 5 is loading ...
2023-12-13 17:58:02 - [INFO] success load function: _Z6ori_cpifPf
2023-12-13 17:58:02 - [INFO] kernel name: _Z16g_general_ptb_cpifPfiiiiiiiiii, id: 6 is loading ...
2023-12-13 17:58:02 - [INFO] success load function: _Z16g_general_ptb_cpifPfiiiiiiiiii
2023-12-13 17:58:02 - [INFO] [OriCPKernel] id: 5 is destroyed!
2023-12-13 17:58:02 - [INFO] kernel name: ori_fft, id: 7 is loading ...
2023-12-13 17:58:02 - [INFO] success load function: ori_fft
2023-12-13 17:58:03 - [INFO] kernel name: g_general_ptb_fft, id: 8 is loading ...
2023-12-13 17:58:03 - [INFO] success load function: g_general_ptb_fft
2023-12-13 17:58:03 - [INFO] kernel name: ori_fft, id: 7 is destroyed!
2023-12-13 17:58:03 - [INFO] kernel name: ori_fft, id: 9 is loading ...
2023-12-13 17:58:03 - [INFO] success find function: ori_fft
2023-12-13 17:58:03 - [INFO] kernel name: sub-cp, id: 10 is loading ...
2023-12-13 17:58:03 - [INFO] success find function: _Z6ori_cpifPf
2023-12-13 17:58:03 - [INFO] kernel name: _Z16g_general_ptb_cpifPfiiiiiiiiii, id: 11 is loading ...
2023-12-13 17:58:03 - [INFO] success find function: _Z16g_general_ptb_cpifPfiiiiiiiiii
2023-12-13 17:58:03 - [INFO] [OriCPKernel] id: 10 is destroyed!
2023-12-13 17:58:03 - [INFO] kernel name: g_general_ptb_fft, id: 12 is loading ...
2023-12-13 17:58:03 - [INFO] success find function: g_general_ptb_fft
2023-12-13 17:58:03 - [INFO] kernel name: ori_fft, id: 9 is destroyed!
2023-12-13 17:58:03 - [INFO] kernel name: mixed_cp_fft_kernel_3_1, id: 13 is loading ...
2023-12-13 17:58:03 - [INFO] success load function: mixed_cp_fft_kernel_3_1
2023-12-13 18:00:59 - [INFO] CUDA init complete
2023-12-13 18:00:59 - [INFO] success load module: /home/jxdeng/workspace/tacker/runtime/cubins/ori_cp.cubin
2023-12-13 18:00:59 - [INFO] success load module: /home/jxdeng/workspace/tacker/runtime/cubins/cp_fft.cubin
2023-12-13 18:00:59 - [INFO] success load module: /home/jxdeng/workspace/tacker/runtime/cubins/ori_cutcp.cubin
2023-12-13 18:00:59 - [INFO] success load module: /home/jxdeng/workspace/tacker/runtime/cubins/ori_fft.cubin
2023-12-13 18:00:59 - [INFO] kernel name: sub-cp, id: 5 is loading ...
2023-12-13 18:00:59 - [INFO] success load function: _Z6ori_cpifPf
2023-12-13 18:00:59 - [INFO] kernel name: _Z16g_general_ptb_cpifPfiiiiiiiiii, id: 6 is loading ...
2023-12-13 18:00:59 - [INFO] success load function: _Z16g_general_ptb_cpifPfiiiiiiiiii
2023-12-13 18:00:59 - [INFO] [OriCPKernel] id: 5 is destroyed!
2023-12-13 18:00:59 - [INFO] kernel name: ori_fft, id: 7 is loading ...
2023-12-13 18:00:59 - [INFO] success load function: ori_fft
2023-12-13 18:00:59 - [INFO] kernel name: g_general_ptb_fft, id: 8 is loading ...
2023-12-13 18:00:59 - [INFO] success load function: g_general_ptb_fft
2023-12-13 18:00:59 - [INFO] kernel name: ori_fft, id: 7 is destroyed!
2023-12-13 18:00:59 - [INFO] kernel name: ori_fft, id: 9 is loading ...
2023-12-13 18:00:59 - [INFO] success find function: ori_fft
2023-12-13 18:01:00 - [INFO] kernel name: sub-cp, id: 10 is loading ...
2023-12-13 18:01:00 - [INFO] success find function: _Z6ori_cpifPf
2023-12-13 18:01:00 - [INFO] kernel name: _Z16g_general_ptb_cpifPfiiiiiiiiii, id: 11 is loading ...
2023-12-13 18:01:00 - [INFO] success find function: _Z16g_general_ptb_cpifPfiiiiiiiiii
2023-12-13 18:01:00 - [INFO] [OriCPKernel] id: 10 is destroyed!
2023-12-13 18:01:00 - [INFO] kernel name: g_general_ptb_fft, id: 12 is loading ...
2023-12-13 18:01:00 - [INFO] success find function: g_general_ptb_fft
2023-12-13 18:01:00 - [INFO] kernel name: ori_fft, id: 9 is destroyed!
2023-12-13 18:01:00 - [INFO] kernel name: mixed_cp_fft_kernel_3_1, id: 13 is loading ...
2023-12-13 18:01:00 - [INFO] success load function: mixed_cp_fft_kernel_3_1
2023-12-13 18:01:53 - [INFO] CUDA init complete
2023-12-13 18:01:53 - [INFO] kernel name: sub-cp, id: 5 is loading ...
2023-12-13 18:01:53 - [INFO] success load function: _Z6ori_cpifPf
2023-12-13 18:01:53 - [INFO] kernel name: _Z16g_general_ptb_cpifPfiiiiiiiiii, id: 6 is loading ...
2023-12-13 18:01:53 - [INFO] success load function: _Z16g_general_ptb_cpifPfiiiiiiiiii
2023-12-13 18:01:53 - [INFO] [OriCPKernel] id: 5 is destroyed!
2023-12-13 18:01:53 - [INFO] kernel name: ori_fft, id: 7 is loading ...
2023-12-13 18:01:53 - [INFO] success load function: ori_fft
2023-12-13 18:01:53 - [INFO] kernel name: g_general_ptb_fft, id: 8 is loading ...
2023-12-13 18:01:53 - [INFO] success load function: g_general_ptb_fft
2023-12-13 18:01:53 - [INFO] kernel name: ori_fft, id: 7 is destroyed!
2023-12-13 18:01:53 - [INFO] kernel name: ori_fft, id: 9 is loading ...
2023-12-13 18:01:53 - [INFO] kernel name: sub-cp, id: 10 is loading ...
2023-12-13 18:01:53 - [INFO] kernel name: _Z16g_general_ptb_cpifPfiiiiiiiiii, id: 11 is loading ...
2023-12-13 18:01:53 - [INFO] [OriCPKernel] id: 10 is destroyed!
2023-12-13 18:01:53 - [INFO] kernel name: g_general_ptb_fft, id: 12 is loading ...
2023-12-13 18:01:53 - [INFO] kernel name: ori_fft, id: 9 is destroyed!
2023-12-13 18:01:53 - [INFO] kernel name: mixed_cp_fft_kernel_3_1, id: 13 is loading ...
2023-12-13 18:01:53 - [INFO] success load function: mixed_cp_fft_kernel_3_1
2023-12-13 18:02:50 - [INFO] CUDA init complete
2023-12-13 18:02:51 - [INFO] success load module: /home/jxdeng/workspace/tacker/runtime/cubins/ori_cp.cubin
2023-12-13 18:02:51 - [INFO] success load module: /home/jxdeng/workspace/tacker/runtime/cubins/cp_fft.cubin
2023-12-13 18:02:51 - [INFO] success load module: /home/jxdeng/workspace/tacker/runtime/cubins/ori_cutcp.cubin
2023-12-13 18:02:51 - [INFO] success load module: /home/jxdeng/workspace/tacker/runtime/cubins/ori_fft.cubin
2023-12-13 18:02:51 - [INFO] kernel name: sub-cp, id: 5 is loading ...
2023-12-13 18:02:51 - [INFO] kernel name: _Z16g_general_ptb_cpifPfiiiiiiiiii, id: 6 is loading ...
2023-12-13 18:02:51 - [INFO] [OriCPKernel] id: 5 is destroyed!
2023-12-13 18:02:51 - [INFO] kernel name: ori_fft, id: 7 is loading ...
2023-12-13 18:02:51 - [INFO] kernel name: g_general_ptb_fft, id: 8 is loading ...
2023-12-13 18:02:51 - [INFO] kernel name: ori_fft, id: 7 is destroyed!
2023-12-13 18:02:51 - [INFO] kernel name: ori_fft, id: 9 is loading ...
2023-12-13 18:02:51 - [INFO] kernel name: sub-cp, id: 10 is loading ...
2023-12-13 18:02:51 - [INFO] kernel name: _Z16g_general_ptb_cpifPfiiiiiiiiii, id: 11 is loading ...
2023-12-13 18:02:51 - [INFO] [OriCPKernel] id: 10 is destroyed!
2023-12-13 18:02:51 - [INFO] kernel name: g_general_ptb_fft, id: 12 is loading ...
2023-12-13 18:02:51 - [INFO] kernel name: ori_fft, id: 9 is destroyed!
2023-12-13 18:02:51 - [INFO] kernel name: mixed_cp_fft_kernel_3_1, id: 13 is loading ...
2023-12-13 18:03:49 - [INFO] CUDA init complete
2023-12-13 18:03:49 - [INFO] success load module: /home/jxdeng/workspace/tacker/runtime/cubins/ori_cp.cubin
2023-12-13 18:03:49 - [INFO] success load module: /home/jxdeng/workspace/tacker/runtime/cubins/cp_fft.cubin
2023-12-13 18:03:49 - [INFO] success load module: /home/jxdeng/workspace/tacker/runtime/cubins/ori_cutcp.cubin
2023-12-13 18:03:49 - [INFO] success load module: /home/jxdeng/workspace/tacker/runtime/cubins/ori_fft.cubin
2023-12-13 18:03:49 - [INFO] kernel name: sub-cp, id: 5 is loading ...
2023-12-13 18:03:49 - [INFO] kernel name: _Z16g_general_ptb_cpifPfiiiiiiiiii, id: 6 is loading ...
2023-12-13 18:03:49 - [INFO] id: 5 is destroyed!
2023-12-13 18:03:49 - [INFO] kernel name: ori_fft, id: 7 is loading ...
2023-12-13 18:03:49 - [INFO] kernel name: g_general_ptb_fft, id: 8 is loading ...
2023-12-13 18:03:49 - [INFO] id: 7 is destroyed!
2023-12-13 18:03:49 - [INFO] kernel name: ori_fft, id: 9 is loading ...
2023-12-13 18:03:49 - [INFO] kernel name: sub-cp, id: 10 is loading ...
2023-12-13 18:03:49 - [INFO] kernel name: _Z16g_general_ptb_cpifPfiiiiiiiiii, id: 11 is loading ...
2023-12-13 18:03:49 - [INFO] id: 10 is destroyed!
2023-12-13 18:03:49 - [INFO] kernel name: g_general_ptb_fft, id: 12 is loading ...
2023-12-13 18:03:49 - [INFO] id: 9 is destroyed!
2023-12-13 18:03:49 - [INFO] kernel name: mixed_cp_fft_kernel_3_1, id: 13 is loading ...
2023-12-13 18:09:00 - [INFO] CUDA init complete
2023-12-13 18:09:00 - [INFO] success load module: /home/jxdeng/workspace/tacker/runtime/cubins/ori_cp.cubin
2023-12-13 18:09:00 - [INFO] success load module: /home/jxdeng/workspace/tacker/runtime/cubins/cp_fft.cubin
2023-12-13 18:09:00 - [INFO] success load module: /home/jxdeng/workspace/tacker/runtime/cubins/ori_cutcp.cubin
2023-12-13 18:09:00 - [INFO] success load module: /home/jxdeng/workspace/tacker/runtime/cubins/ori_fft.cubin
2023-12-13 18:09:00 - [INFO] kernel name: sub-cp, id: 5 is loading ...
2023-12-13 18:09:54 - [INFO] CUDA init complete
2023-12-13 18:09:54 - [INFO] success load module: /home/jxdeng/workspace/tacker/runtime/cubins/ori_cp.cubin
2023-12-13 18:09:54 - [INFO] success load module: /home/jxdeng/workspace/tacker/runtime/cubins/cp_fft.cubin
2023-12-13 18:09:54 - [INFO] success load module: /home/jxdeng/workspace/tacker/runtime/cubins/ori_cutcp.cubin
2023-12-13 18:09:54 - [INFO] success load module: /home/jxdeng/workspace/tacker/runtime/cubins/ori_fft.cubin
2023-12-13 18:09:54 - [INFO] kernel name: sub-cp, id: 5 is loading ...
2023-12-13 18:11:18 - [INFO] CUDA init complete
2023-12-13 18:11:18 - [INFO] success load module: /home/jxdeng/workspace/tacker/runtime/cubins/ori_cp.cubin
2023-12-13 18:11:18 - [INFO] success load module: /home/jxdeng/workspace/tacker/runtime/cubins/cp_fft.cubin
2023-12-13 18:11:18 - [INFO] success load module: /home/jxdeng/workspace/tacker/runtime/cubins/ori_cutcp.cubin
2023-12-13 18:11:18 - [INFO] success load module: /home/jxdeng/workspace/tacker/runtime/cubins/ori_fft.cubin
2023-12-13 18:11:18 - [INFO] kernel name: sub-cp, id: 5 is loading ...
2023-12-13 18:11:18 - [INFO] kernel name: _Z16g_general_ptb_cpifPfiiiiiiiiii, id: 6 is loading ...
2023-12-13 18:11:18 - [INFO] kernel name: ori_fft, id: 7 is loading ...
2023-12-13 18:11:18 - [INFO] kernel name: g_general_ptb_fft, id: 8 is loading ...
2023-12-13 18:11:18 - [INFO] kernel name: ori_fft, id: 9 is loading ...
2023-12-13 18:11:18 - [INFO] kernel name: sub-cp, id: 10 is loading ...
2023-12-13 18:11:18 - [INFO] kernel name: _Z16g_general_ptb_cpifPfiiiiiiiiii, id: 11 is loading ...
2023-12-13 18:11:18 - [INFO] kernel name: g_general_ptb_fft, id: 12 is loading ...
2023-12-13 18:11:18 - [INFO] kernel name: mixed_cp_fft_kernel_3_1, id: 13 is loading ...
2023-12-13 18:11:18 - [INFO] kernel name: _Z16g_general_ptb_cpifPfiiiiiiiiii, kernel time: 3.436416 ms
2023-12-13 18:11:18 - [INFO] kernel name: _Z16g_general_ptb_cpifPfiiiiiiiiii, id: 6 is destroyed!
2023-12-13 18:11:18 - [INFO] id: 5 is destroyed!
2023-12-13 18:11:18 - [INFO] kernel name: g_general_ptb_fft, kernel time: 1.539872 ms
2023-12-13 18:11:18 - [INFO] kernel name: g_general_ptb_fft, id: 8 is destroyed!
2023-12-13 18:11:18 - [INFO] id: 7 is destroyed!
2023-12-13 18:11:18 - [INFO] kernel name: mixed_cp_fft_kernel_3_1, kernel time: 3.954464 ms
2023-12-13 18:11:18 - [INFO] kernel name: g_general_ptb_fft, id: 12 is destroyed!
2023-12-13 18:11:18 - [INFO] id: 9 is destroyed!
2023-12-13 18:11:18 - [INFO] kernel name: _Z16g_general_ptb_cpifPfiiiiiiiiii, id: 11 is destroyed!
2023-12-13 18:11:18 - [INFO] id: 10 is destroyed!
2023-12-13 18:11:18 - [INFO] task name: Task4, id: 4 is destroyed!
2023-12-13 18:11:18 - [INFO] task name: Task3, id: 3 is destroyed!
2023-12-13 18:11:18 - [INFO] Tacker exit
2023-12-13 18:14:35 - [INFO] CUDA init complete
2023-12-13 18:14:35 - [INFO] success load module: /home/jxdeng/workspace/tacker/runtime/cubins/ori_cp.cubin
2023-12-13 18:14:35 - [INFO] success load module: /home/jxdeng/workspace/tacker/runtime/cubins/cp_fft.cubin
2023-12-13 18:14:35 - [INFO] success load module: /home/jxdeng/workspace/tacker/runtime/cubins/ori_cutcp.cubin
2023-12-13 18:14:35 - [INFO] success load module: /home/jxdeng/workspace/tacker/runtime/cubins/ori_fft.cubin
2023-12-13 18:14:35 - [INFO] kernel name: sub-cp, id: 5 is loading ...
2023-12-13 18:14:35 - [INFO] kernel name: _Z16g_general_ptb_cpifPfiiiiiiiiii, id: 6 is loading ...
2023-12-13 18:14:35 - [INFO] kernel name: ori_fft, id: 7 is loading ...
2023-12-13 18:14:36 - [INFO] kernel name: g_general_ptb_fft, id: 8 is loading ...
2023-12-13 18:14:36 - [INFO] kernel name: ori_fft, id: 9 is loading ...
2023-12-13 18:14:36 - [INFO] kernel name: sub-cp, id: 10 is loading ...
2023-12-13 18:14:36 - [INFO] kernel name: _Z16g_general_ptb_cpifPfiiiiiiiiii, id: 11 is loading ...
2023-12-13 18:14:36 - [INFO] kernel name: g_general_ptb_fft, id: 12 is loading ...
2023-12-13 18:14:36 - [INFO] kernel name: mixed_cp_fft_kernel_3_1, id: 13 is loading ...
2023-12-13 18:14:36 - [INFO] kernel name: _Z16g_general_ptb_cpifPfiiiiiiiiii, kernel time: 3.434496 ms
2023-12-13 18:14:36 - [INFO] kernel name: _Z16g_general_ptb_cpifPfiiiiiiiiii, id: 6 is destroyed!
2023-12-13 18:14:36 - [INFO] id: 5 is destroyed!
2023-12-13 18:14:36 - [INFO] kernel name: g_general_ptb_fft, kernel time: 1.534016 ms
2023-12-13 18:14:36 - [INFO] kernel name: g_general_ptb_fft, id: 8 is destroyed!
2023-12-13 18:14:36 - [INFO] id: 7 is destroyed!
2023-12-13 18:14:36 - [INFO] kernel name: mixed_cp_fft_kernel_3_1, kernel time: 3.936128 ms
2023-12-13 18:14:36 - [INFO] kernel name: g_general_ptb_fft, id: 12 is destroyed!
2023-12-13 18:14:36 - [INFO] id: 9 is destroyed!
2023-12-13 18:14:36 - [INFO] kernel name: _Z16g_general_ptb_cpifPfiiiiiiiiii, id: 11 is destroyed!
2023-12-13 18:14:36 - [INFO] id: 10 is destroyed!
2023-12-13 18:14:36 - [INFO] task name: Task4, id: 4 is destroyed!
2023-12-13 18:14:36 - [INFO] task name: Task3, id: 3 is destroyed!
2023-12-13 18:14:36 - [INFO] Tacker exit
2023-12-13 18:16:07 - [INFO] CUDA init complete
2023-12-13 18:16:07 - [INFO] success load module: /home/jxdeng/workspace/tacker/runtime/cubins/ori_cp.cubin
2023-12-13 18:16:07 - [INFO] success load module: /home/jxdeng/workspace/tacker/runtime/cubins/cp_fft.cubin
2023-12-13 18:16:07 - [INFO] success load module: /home/jxdeng/workspace/tacker/runtime/cubins/ori_cutcp.cubin
2023-12-13 18:16:07 - [INFO] success load module: /home/jxdeng/workspace/tacker/runtime/cubins/ori_fft.cubin
2023-12-13 18:16:07 - [INFO] kernel name: sub-cp, id: 5 is loading ...
2023-12-13 18:16:07 - [INFO] kernel name: _Z16g_general_ptb_cpifPfiiiiiiiiii, id: 6 is loading ...
2023-12-13 18:16:07 - [INFO] kernel name: ori_fft, id: 7 is loading ...
2023-12-13 18:16:07 - [INFO] kernel name: g_general_ptb_fft, id: 8 is loading ...
2023-12-13 18:16:07 - [INFO] kernel name: ori_fft, id: 9 is loading ...
2023-12-13 18:16:07 - [INFO] kernel name: sub-cp, id: 10 is loading ...
2023-12-13 18:16:07 - [INFO] kernel name: _Z16g_general_ptb_cpifPfiiiiiiiiii, id: 11 is loading ...
2023-12-13 18:16:07 - [INFO] kernel name: g_general_ptb_fft, id: 12 is loading ...
2023-12-13 18:16:07 - [INFO] kernel name: mixed_cp_fft_kernel_3_1, id: 13 is loading ...
2023-12-13 18:16:07 - [INFO] kernel name: _Z16g_general_ptb_cpifPfiiiiiiiiii, kernel time: 3.437152 ms
2023-12-13 18:16:07 - [INFO] kernel name: _Z16g_general_ptb_cpifPfiiiiiiiiii, id: 6 is destroyed!
2023-12-13 18:16:07 - [INFO] id: 5 is destroyed!
2023-12-13 18:16:07 - [INFO] kernel name: g_general_ptb_fft, kernel time: 1.533952 ms
2023-12-13 18:16:07 - [INFO] kernel name: g_general_ptb_fft, id: 8 is destroyed!
2023-12-13 18:16:07 - [INFO] id: 7 is destroyed!
2023-12-13 18:16:07 - [INFO] kernel name: mixed_cp_fft_kernel_3_1, kernel time: 3.932224 ms
2023-12-13 18:16:07 - [INFO] id: 13 is destroyed!
2023-12-13 18:16:07 - [INFO] kernel name: g_general_ptb_fft, id: 12 is destroyed!
2023-12-13 18:16:07 - [INFO] id: 9 is destroyed!
2023-12-13 18:16:07 - [INFO] kernel name: _Z16g_general_ptb_cpifPfiiiiiiiiii, id: 11 is destroyed!
2023-12-13 18:16:07 - [INFO] id: 10 is destroyed!
2023-12-13 18:16:07 - [INFO] task name: Task4, id: 4 is destroyed!
2023-12-13 18:16:07 - [INFO] task name: Task3, id: 3 is destroyed!
2023-12-13 18:16:08 - [INFO] Tacker exit
2023-12-13 18:27:36 - [INFO] CUDA init complete
2023-12-13 18:27:37 - [INFO] success load module: /home/jxdeng/workspace/tacker/runtime/cubins/ori_cp.cubin
2023-12-13 18:27:37 - [INFO] success load module: /home/jxdeng/workspace/tacker/runtime/cubins/cp_fft.cubin
2023-12-13 18:27:37 - [INFO] success load module: /home/jxdeng/workspace/tacker/runtime/cubins/ori_cutcp.cubin
2023-12-13 18:27:37 - [INFO] success load module: /home/jxdeng/workspace/tacker/runtime/cubins/ori_fft.cubin
2023-12-13 18:27:37 - [INFO] kernel name: ori_cp, id: 5 is loading ...
2023-12-13 18:27:37 - [INFO] kernel name: g_general_ptb_cp, id: 6 is loading ...
2023-12-13 18:27:37 - [INFO] kernel name: ori_fft, id: 7 is loading ...
2023-12-13 18:27:37 - [INFO] kernel name: g_general_ptb_fft, id: 8 is loading ...
2023-12-13 18:27:37 - [INFO] kernel name: ori_fft, id: 9 is loading ...
2023-12-13 18:27:37 - [INFO] kernel name: ori_cp, id: 10 is loading ...
2023-12-13 18:27:37 - [INFO] kernel name: g_general_ptb_cp, id: 11 is loading ...
2023-12-13 18:27:37 - [INFO] kernel name: g_general_ptb_fft, id: 12 is loading ...
2023-12-13 18:27:37 - [INFO] kernel name: mixed_cp_fft_kernel_3_1, id: 13 is loading ...
2023-12-13 18:27:37 - [INFO] kernel name: g_general_ptb_cp, kernel time: 3.436128 ms
2023-12-13 18:27:37 - [INFO] kernel name: g_general_ptb_cp, id: 6 is destroyed!
2023-12-13 18:27:37 - [INFO] id: 5 is destroyed!
2023-12-13 18:27:37 - [INFO] kernel name: g_general_ptb_fft, kernel time: 1.560640 ms
2023-12-13 18:27:37 - [INFO] kernel name: g_general_ptb_fft, id: 8 is destroyed!
2023-12-13 18:27:37 - [INFO] id: 7 is destroyed!
2023-12-13 18:27:37 - [INFO] kernel name: mixed_cp_fft_kernel_3_1, kernel time: 3.938944 ms
2023-12-13 18:27:37 - [INFO] id: 13 is destroyed!
2023-12-13 18:27:37 - [INFO] kernel name: g_general_ptb_fft, id: 12 is destroyed!
2023-12-13 18:27:37 - [INFO] id: 9 is destroyed!
2023-12-13 18:27:37 - [INFO] kernel name: g_general_ptb_cp, id: 11 is destroyed!
2023-12-13 18:27:37 - [INFO] id: 10 is destroyed!
2023-12-13 18:27:37 - [INFO] task name: Task4, id: 4 is destroyed!
2023-12-13 18:27:37 - [INFO] task name: Task3, id: 3 is destroyed!
2023-12-13 18:27:37 - [INFO] Tacker exit
2023-12-13 18:30:58 - [INFO] CUDA init complete
2023-12-13 18:30:58 - [INFO] success load module: /home/jxdeng/workspace/tacker/runtime/cubins/ori_cp.cubin
2023-12-13 18:30:58 - [INFO] success load module: /home/jxdeng/workspace/tacker/runtime/cubins/cp_fft.cubin
2023-12-13 18:30:58 - [INFO] success load module: /home/jxdeng/workspace/tacker/runtime/cubins/ori_cutcp.cubin
2023-12-13 18:30:58 - [INFO] success load module: /home/jxdeng/workspace/tacker/runtime/cubins/ori_fft.cubin
2023-12-13 18:30:58 - [INFO] kernel name: ori_cp, id: 5 is loading ...
2023-12-13 18:30:58 - [INFO] kernel name: g_general_ptb_cp, id: 6 is loading ...
2023-12-13 18:30:58 - [INFO] kernel name: ori_fft, id: 7 is loading ...
2023-12-13 18:30:58 - [INFO] kernel name: g_general_ptb_fft, id: 8 is loading ...
2023-12-13 18:30:58 - [INFO] kernel name: ori_fft, id: 9 is loading ...
2023-12-13 18:30:58 - [INFO] kernel name: ori_cp, id: 10 is loading ...
2023-12-13 18:30:58 - [INFO] kernel name: g_general_ptb_cp, id: 11 is loading ...
2023-12-13 18:30:58 - [INFO] kernel name: g_general_ptb_fft, id: 12 is loading ...
2023-12-13 18:30:58 - [INFO] kernel name: mixed_cp_fft_kernel_3_1, id: 13 is loading ...
2023-12-13 18:30:58 - [INFO] kernel name: g_general_ptb_cp, kernel time: 3.434624 ms
2023-12-13 18:30:58 - [INFO] kernel name: g_general_ptb_cp, id: 6 is destroyed!
2023-12-13 18:30:58 - [INFO] id: 5 is destroyed!
2023-12-13 18:30:58 - [INFO] kernel name: g_general_ptb_fft, kernel time: 1.535744 ms
2023-12-13 18:30:58 - [INFO] kernel name: g_general_ptb_fft, id: 8 is destroyed!
2023-12-13 18:30:58 - [INFO] id: 7 is destroyed!
2023-12-13 18:30:58 - [INFO] kernel name: mixed_cp_fft_kernel_3_1, kernel time: 3.944448 ms
2023-12-13 18:30:58 - [INFO] id: 13 is destroyed!
2023-12-13 18:30:58 - [INFO] kernel name: g_general_ptb_fft, id: 12 is destroyed!
2023-12-13 18:30:58 - [INFO] id: 9 is destroyed!
2023-12-13 18:30:58 - [INFO] kernel name: g_general_ptb_cp, id: 11 is destroyed!
2023-12-13 18:30:58 - [INFO] id: 10 is destroyed!
2023-12-13 18:30:58 - [INFO] task name: Task4, id: 4 is destroyed!
2023-12-13 18:30:58 - [INFO] task name: Task3, id: 3 is destroyed!
2023-12-13 18:30:59 - [INFO] Tacker exit
2023-12-13 18:44:50 - [INFO] CUDA init complete
2023-12-13 18:44:50 - [INFO] success load module: /home/jxdeng/workspace/tacker/runtime/cubins/ori_cp.cubin
2023-12-13 18:44:50 - [INFO] success load module: /home/jxdeng/workspace/tacker/runtime/cubins/cp_fft.cubin
2023-12-13 18:44:50 - [INFO] success load module: /home/jxdeng/workspace/tacker/runtime/cubins/ori_cutcp.cubin
2023-12-13 18:44:50 - [INFO] success load module: /home/jxdeng/workspace/tacker/runtime/cubins/ori_fft.cubin
2023-12-13 18:44:50 - [INFO] kernel name: ori_cp, id: 5 is loading ...
2023-12-13 18:44:50 - [INFO] kernel name: g_general_ptb_cp, id: 6 is loading ...
2023-12-13 18:44:50 - [INFO] kernel name: ori_fft, id: 7 is loading ...
2023-12-13 18:44:50 - [INFO] kernel name: g_general_ptb_fft, id: 8 is loading ...
2023-12-13 18:44:50 - [INFO] kernel name: ori_fft, id: 9 is loading ...
2023-12-13 18:44:50 - [INFO] kernel name: ori_cp, id: 10 is loading ...
2023-12-13 18:44:50 - [INFO] kernel name: g_general_ptb_cp, id: 11 is loading ...
2023-12-13 18:44:50 - [INFO] kernel name: g_general_ptb_fft, id: 12 is loading ...
2023-12-13 18:44:50 - [INFO] kernel name: mixed_cp_fft_kernel_3_1, id: 13 is loading ...
2023-12-13 18:44:50 - [INFO] kernel name: g_general_ptb_cp, kernel time: 3.433632 ms
2023-12-13 18:44:50 - [INFO] kernel name: g_general_ptb_cp, id: 6 is destroyed!
2023-12-13 18:44:50 - [INFO] id: 5 is destroyed!
2023-12-13 18:44:50 - [INFO] kernel name: g_general_ptb_fft, kernel time: 1.533952 ms
2023-12-13 18:44:50 - [INFO] kernel name: g_general_ptb_fft, id: 8 is destroyed!
2023-12-13 18:44:50 - [INFO] id: 7 is destroyed!
2023-12-13 18:44:50 - [INFO] kernel name: mixed_cp_fft_kernel_3_1, kernel time: 3.930560 ms
2023-12-13 18:44:50 - [INFO] id: 13 is destroyed!
2023-12-13 18:44:50 - [INFO] kernel name: g_general_ptb_fft, id: 12 is destroyed!
2023-12-13 18:44:50 - [INFO] id: 9 is destroyed!
2023-12-13 18:44:50 - [INFO] kernel name: g_general_ptb_cp, id: 11 is destroyed!
2023-12-13 18:44:50 - [INFO] id: 10 is destroyed!
2023-12-13 18:44:50 - [INFO] task name: Task4, id: 4 is destroyed!
2023-12-13 18:44:50 - [INFO] task name: Task3, id: 3 is destroyed!
2023-12-13 18:44:50 - [INFO] Tacker exit
2023-12-17 15:19:09 - [INFO] CUDA init complete
2023-12-17 15:19:09 - [INFO] success load module: /home/jxdeng/workspace/tacker/runtime/cubins/ori_cp.cubin
2023-12-17 15:19:09 - [INFO] success load module: /home/jxdeng/workspace/tacker/runtime/cubins/cp_fft.cubin
2023-12-17 15:19:09 - [INFO] success load module: /home/jxdeng/workspace/tacker/runtime/cubins/ori_cutcp.cubin
2023-12-17 15:19:09 - [INFO] success load module: /home/jxdeng/workspace/tacker/runtime/cubins/ori_fft.cubin
2023-12-17 15:19:09 - [INFO] kernel name: ori_cutcp, id: 1 is loading ...
2023-12-17 15:19:09 - [INFO] kernel name: ori_cutcp, id: 1 is executing ...
2023-12-17 15:19:09 - [INFO] -- launchGridDim: 26, 26, 2
2023-12-17 15:19:09 - [INFO] -- launchBlockDim: 8, 2, 8
2023-12-17 15:19:09 - [INFO] kernel name: ori_cutcp, kernel time: 2.578304 ms
2023-12-17 15:19:09 - [INFO] kernel name: ori_cutcp, id: 1 is destroyed!
2023-12-17 15:19:09 - [INFO] task name: Task3, id: 3 is destroyed!
2023-12-17 15:19:09 - [INFO] task name: Task1, id: 1 is destroyed!
2023-12-17 15:19:09 - [INFO] Tacker exit
2023-12-18 15:27:11 - [INFO] CUDA init complete
2023-12-18 15:27:11 - [INFO] success load module: /home/jxdeng/workspace/tacker/runtime/cubins/ori_cp.cubin
2023-12-18 15:27:11 - [INFO] success load module: /home/jxdeng/workspace/tacker/runtime/cubins/cp_fft.cubin
2023-12-18 15:27:11 - [INFO] success load module: /home/jxdeng/workspace/tacker/runtime/cubins/ori_cutcp.cubin
2023-12-18 15:27:11 - [INFO] success load module: /home/jxdeng/workspace/tacker/runtime/cubins/ori_fft.cubin
2023-12-18 15:27:11 - [INFO] kernel name: ori_cutcp, id: 1 is loading ...
2023-12-18 15:27:11 - [INFO] kernel name: ori_cutcp, id: 1 is executing ...
2023-12-18 15:27:11 - [INFO] -- launchGridDim: 26, 26, 2
2023-12-18 15:27:11 - [INFO] -- launchBlockDim: 8, 2, 8
2023-12-18 15:27:11 - [INFO] kernel name: ori_cutcp, kernel time: 2.503360 ms
2023-12-18 15:27:11 - [INFO] kernel name: ori_cutcp, id: 1 is destroyed!
2023-12-18 15:27:11 - [INFO] task name: Task3, id: 3 is destroyed!
2023-12-18 15:27:11 - [INFO] task name: Task1, id: 1 is destroyed!
2023-12-18 15:27:11 - [INFO] Tacker exit
2023-12-18 15:36:16 - [INFO] CUDA init complete
2023-12-18 15:36:16 - [INFO] success load module: /home/jxdeng/workspace/tacker/runtime/cubins/ori_cp.cubin
2023-12-18 15:36:16 - [INFO] success load module: /home/jxdeng/workspace/tacker/runtime/cubins/cp_fft.cubin
2023-12-18 15:36:16 - [INFO] success load module: /home/jxdeng/workspace/tacker/runtime/cubins/ori_cutcp.cubin
2023-12-18 15:36:16 - [INFO] success load module: /home/jxdeng/workspace/tacker/runtime/cubins/ori_fft.cubin
2023-12-18 15:36:16 - [INFO] kernel name: ori_cutcp, id: 1 is loading ...
2023-12-18 15:36:16 - [INFO] kernel name: ori_cutcp, id: 1 is executing ...
2023-12-18 15:36:16 - [INFO] -- launchGridDim: 26, 26, 2
2023-12-18 15:36:16 - [INFO] -- launchBlockDim: 8, 2, 8
2023-12-18 15:36:16 - [INFO] kernel name: ori_cutcp, kernel time: 0.950112 ms
2023-12-18 15:36:16 - [INFO] kernel name: ori_cutcp, id: 1 is destroyed!
2023-12-18 15:36:17 - [INFO] task name: Task3, id: 3 is destroyed!
2023-12-18 15:36:17 - [INFO] task name: Task1, id: 1 is destroyed!
2023-12-18 15:36:17 - [INFO] Tacker exit
2023-12-24 18:28:15 - [INFO] CUDA init complete
2023-12-24 18:28:15 - [INFO] success load module: /home/jxdeng/workspace/tacker/runtime/cubins/ori_cp.cubin
2023-12-24 18:28:15 - [INFO] success load module: /home/jxdeng/workspace/tacker/runtime/cubins/cp_fft.cubin
2023-12-24 18:28:15 - [INFO] success load module: /home/jxdeng/workspace/tacker/runtime/cubins/ori_cutcp.cubin
2023-12-24 18:28:15 - [INFO] success load module: /home/jxdeng/workspace/tacker/runtime/cubins/ori_fft.cubin
2023-12-24 18:28:15 - [INFO] kernel name: ori_cp, id: 1 is loading ...
2023-12-24 18:28:15 - [INFO] kernel name: ori_cp, id: 1 is executing ...
2023-12-24 18:52:30 - [INFO] CUDA init complete
2023-12-24 18:52:30 - [INFO] success load module: /home/jxdeng/workspace/tacker/runtime/cubins/ori_cp.cubin
2023-12-24 18:52:30 - [INFO] success load module: /home/jxdeng/workspace/tacker/runtime/cubins/cp_fft.cubin
2023-12-24 18:52:30 - [INFO] success load module: /home/jxdeng/workspace/tacker/runtime/cubins/ori_cutcp.cubin
2023-12-24 18:52:30 - [INFO] success load module: /home/jxdeng/workspace/tacker/runtime/cubins/ori_fft.cubin
2023-12-24 18:52:30 - [INFO] kernel name: ori_cp, id: 1 is loading ...
2023-12-24 18:52:30 - [INFO] kernel name: ori_cp, id: 1 is executing ...
2023-12-24 18:55:08 - [INFO] CUDA init complete
2023-12-24 18:55:08 - [INFO] success load module: /home/jxdeng/workspace/tacker/runtime/cubins/ori_cp.cubin
2023-12-24 18:55:08 - [INFO] success load module: /home/jxdeng/workspace/tacker/runtime/cubins/cp_fft.cubin
2023-12-24 18:55:08 - [INFO] success load module: /home/jxdeng/workspace/tacker/runtime/cubins/ori_cutcp.cubin
2023-12-24 18:55:08 - [INFO] success load module: /home/jxdeng/workspace/tacker/runtime/cubins/ori_fft.cubin
2023-12-24 18:55:08 - [INFO] kernel name: ori_cp, id: 1 is loading ...
2023-12-24 18:55:08 - [INFO] kernel name: ori_cp, id: 1 is executing ...
2023-12-24 19:05:20 - [INFO] CUDA init complete
2023-12-24 19:05:20 - [INFO] success load module: /home/jxdeng/workspace/tacker/runtime/cubins/ori_cp.cubin
2023-12-24 19:05:20 - [INFO] success load module: /home/jxdeng/workspace/tacker/runtime/cubins/cp_fft.cubin
2023-12-24 19:05:20 - [INFO] success load module: /home/jxdeng/workspace/tacker/runtime/cubins/ori_cutcp.cubin
2023-12-24 19:05:20 - [INFO] success load module: /home/jxdeng/workspace/tacker/runtime/cubins/ori_fft.cubin
2023-12-24 19:05:20 - [INFO] kernel name: ori_cp, id: 1 is loading ...
2023-12-24 19:05:20 - [INFO] kernel name: ori_cp, id: 1 is executing ...
2023-12-24 19:05:20 - [INFO] kernel name: ori_cp, kernel time: 2.951808 ms
2023-12-24 19:05:20 - [INFO] id: 1 is destroyed!
2023-12-24 19:05:20 - [INFO] task name: Task3, id: 3 is destroyed!
2023-12-24 19:05:20 - [INFO] task name: Task1, id: 1 is destroyed!
2023-12-24 19:05:20 - [INFO] Tacker exit
2023-12-24 19:16:28 - [INFO] CUDA init complete
2023-12-24 19:16:28 - [INFO] success load module: /home/jxdeng/workspace/tacker/runtime/cubins/ori_cp.cubin
2023-12-24 19:16:28 - [INFO] success load module: /home/jxdeng/workspace/tacker/runtime/cubins/cp_fft.cubin
2023-12-24 19:16:28 - [INFO] success load module: /home/jxdeng/workspace/tacker/runtime/cubins/ori_cutcp.cubin
2023-12-24 19:16:28 - [INFO] success load module: /home/jxdeng/workspace/tacker/runtime/cubins/ori_fft.cubin
2023-12-24 19:16:28 - [INFO] kernel name: ori_cp, id: 1 is loading ...
2023-12-24 19:16:28 - [INFO] kernel name: ori_cutcp, id: 2 is loading ...
2023-12-24 19:16:28 - [INFO] kernel name: ori_cp, id: 1 is executing ...
2023-12-24 19:16:28 - [INFO] kernel name: ori_cp, kernel time: 2.949312 ms
2023-12-24 19:16:28 - [INFO] id: 1 is destroyed!
2023-12-24 19:16:28 - [INFO] kernel name: ori_cutcp, id: 2 is executing ...
2023-12-24 19:16:28 - [INFO] kernel name: ori_cutcp, kernel time: 0.866304 ms
2023-12-24 19:16:28 - [INFO] kernel name: ori_cutcp, id: 2 is destroyed!
2023-12-24 19:16:28 - [INFO] task name: Task3, id: 3 is destroyed!
2023-12-24 19:16:28 - [INFO] task name: Task1, id: 1 is destroyed!
2023-12-24 19:16:29 - [INFO] Tacker exit
2024-01-05 12:21:20 - [INFO] CUDA init complete
2024-01-05 12:21:20 - [INFO] kernel name: ori_cp, id: 1 is loading ...
2024-01-05 12:21:20 - [ERROR] can't find module: ori_cp
2024-01-05 12:21:20 - [ERROR] kernel name: ori_cp, id: 1 load failed!
2024-01-05 12:21:20 - [INFO] Tacker exit
2024-01-05 12:22:50 - [INFO] CUDA init complete
2024-01-05 12:22:51 - [INFO] kernel name: ori_cp, id: 1 is executing ...
2024-01-05 12:22:51 - [INFO] kernel name: ori_cp, kernel time: 3.019008 ms
2024-01-05 12:22:51 - [INFO] id: 1 is destroyed!
2024-01-05 12:22:51 - [INFO] kernel name: , id: 2 is executing ...
2024-01-05 12:22:51 - [INFO] kernel name: , kernel time: 0.878432 ms
2024-01-05 12:22:51 - [INFO] kernel name: , id: 2 is destroyed!
2024-01-05 12:22:51 - [INFO] kernel name: ori_fft, id: 3 is executing ...
2024-01-05 12:22:51 - [INFO] kernel name: ori_fft, kernel time: 1.532352 ms
2024-01-05 12:22:51 - [INFO] id: 3 is destroyed!
2024-01-05 12:22:51 - [INFO] kernel name: , kernel time: 0.042080 ms
2024-01-05 12:22:51 - [INFO] kernel name: , id: 8 is destroyed!
2024-01-05 12:22:51 - [INFO] kernel name: , id: 7 is destroyed!
2024-01-05 12:22:51 - [INFO] kernel name: , id: 12 is destroyed!
2024-01-05 12:22:51 - [INFO] id: 9 is destroyed!
2024-01-05 12:22:51 - [INFO] kernel name: , id: 11 is destroyed!
2024-01-05 12:22:51 - [INFO] id: 10 is destroyed!
2024-01-05 12:22:51 - [INFO] task name: Task4, id: 4 is destroyed!
2024-01-05 12:22:51 - [INFO] task name: Task3, id: 3 is destroyed!
2024-01-05 12:22:51 - [INFO] task name: Task1, id: 1 is destroyed!
2024-01-05 12:22:52 - [INFO] Tacker exit
2024-01-05 12:28:07 - [INFO] CUDA init complete
2024-01-05 12:28:08 - [INFO] kernel name: ori_cp, id: 1 is executing ...
2024-01-05 12:28:08 - [INFO] kernel name: ori_cp, kernel time: 3.033024 ms
2024-01-05 12:28:08 - [INFO] id: 1 is destroyed!
2024-01-05 12:28:08 - [INFO] kernel name: , id: 2 is executing ...
2024-01-05 12:28:08 - [INFO] kernel name: , kernel time: 0.872000 ms
2024-01-05 12:28:08 - [INFO] kernel name: , id: 2 is destroyed!
2024-01-05 12:28:08 - [INFO] kernel name: ori_fft, id: 3 is executing ...
2024-01-05 12:28:08 - [INFO] kernel name: ori_fft, kernel time: 1.531904 ms
2024-01-05 12:28:08 - [INFO] id: 3 is destroyed!
2024-01-05 12:28:08 - [INFO] kernel name: , kernel time: 0.042368 ms
2024-01-05 12:28:08 - [INFO] kernel name: , id: 8 is destroyed!
2024-01-05 12:28:08 - [INFO] kernel name: , id: 7 is destroyed!
2024-01-05 12:29:12 - [INFO] CUDA init complete
2024-01-05 12:29:12 - [INFO] kernel name: ori_cp, id: 1 is executing ...
2024-01-05 12:29:12 - [INFO] kernel name: ori_cp, kernel time: 3.030400 ms
2024-01-05 12:29:12 - [INFO] id: 1 is destroyed!
2024-01-05 12:29:12 - [INFO] kernel name: , id: 2 is executing ...
2024-01-05 12:29:12 - [INFO] kernel name: , kernel time: 0.873760 ms
2024-01-05 12:29:12 - [INFO] kernel name: , id: 2 is destroyed!
2024-01-05 12:29:12 - [INFO] kernel name: ori_fft, id: 3 is executing ...
2024-01-05 12:29:12 - [INFO] kernel name: ori_fft, kernel time: 1.535104 ms
2024-01-05 12:29:12 - [INFO] id: 3 is destroyed!
2024-01-05 12:29:12 - [INFO] kernel name: gptb_cutcp, kernel time: 0.039904 ms
2024-01-05 12:29:12 - [INFO] kernel name: gptb_cutcp, id: 8 is destroyed!
2024-01-05 12:29:12 - [INFO] kernel name: , id: 7 is destroyed!
2024-01-05 12:34:14 - [INFO] CUDA init complete
2024-01-05 12:34:15 - [INFO] kernel name: ori_cp, id: 1 is executing ...
2024-01-05 12:34:15 - [INFO] kernel name: ori_cp, kernel time: 3.021600 ms
2024-01-05 12:34:15 - [INFO] id: 1 is destroyed!
2024-01-05 12:34:15 - [INFO] kernel name: , id: 2 is executing ...
2024-01-05 12:34:15 - [INFO] kernel name: , kernel time: 0.868544 ms
2024-01-05 12:34:15 - [INFO] kernel name: , id: 2 is destroyed!
2024-01-05 12:34:15 - [INFO] kernel name: ori_fft, id: 3 is executing ...
2024-01-05 12:34:15 - [INFO] kernel name: ori_fft, kernel time: 1.535648 ms
2024-01-05 12:34:15 - [INFO] id: 3 is destroyed!
2024-01-05 12:34:15 - [INFO] kernel name: gptb_cutcp, id: 8 is executing ...
2024-01-05 12:34:15 - [INFO] kernel name: gptb_cutcp, kernel time: 0.058016 ms
2024-01-05 12:34:15 - [INFO] kernel name: gptb_cutcp, id: 8 is destroyed!
2024-01-05 12:34:15 - [INFO] kernel name: , id: 7 is destroyed!
2024-01-05 12:34:15 - [INFO] kernel name: gptb_cp, id: 11 is executing ...
2024-01-05 12:35:32 - [INFO] CUDA init complete
2024-01-05 12:35:33 - [INFO] kernel name: ori_cp, id: 1 is executing ...
2024-01-05 12:35:33 - [INFO] kernel name: ori_cp, kernel time: 3.031328 ms
2024-01-05 12:35:33 - [INFO] id: 1 is destroyed!
2024-01-05 12:35:33 - [INFO] kernel name: , id: 2 is executing ...
2024-01-05 12:35:33 - [INFO] kernel name: , kernel time: 0.884032 ms
2024-01-05 12:35:33 - [INFO] kernel name: , id: 2 is destroyed!
2024-01-05 12:35:33 - [INFO] kernel name: ori_fft, id: 3 is executing ...
2024-01-05 12:35:33 - [INFO] kernel name: ori_fft, kernel time: 1.527872 ms
2024-01-05 12:35:33 - [INFO] id: 3 is destroyed!
2024-01-05 12:35:33 - [INFO] kernel name: gptb_cutcp, id: 8 is executing ...
2024-01-05 12:35:33 - [INFO] kernel name: gptb_cutcp, kernel time: 0.061824 ms
2024-01-05 12:35:33 - [INFO] kernel name: gptb_cutcp, id: 8 is destroyed!
2024-01-05 12:35:33 - [INFO] kernel name: , id: 7 is destroyed!
2024-01-05 12:35:33 - [INFO] kernel name: gptb_cp, id: 11 is executing ...
2024-01-05 12:36:29 - [INFO] CUDA init complete
2024-01-05 12:36:30 - [INFO] kernel name: ori_cp, id: 1 is executing ...
2024-01-05 12:36:30 - [INFO] kernel name: ori_cp, kernel time: 3.034752 ms
2024-01-05 12:36:30 - [INFO] id: 1 is destroyed!
2024-01-05 12:36:30 - [INFO] kernel name: , id: 2 is executing ...
2024-01-05 12:36:30 - [INFO] kernel name: , kernel time: 0.884864 ms
2024-01-05 12:36:30 - [INFO] kernel name: , id: 2 is destroyed!
2024-01-05 12:36:30 - [INFO] kernel name: ori_fft, id: 3 is executing ...
2024-01-05 12:36:30 - [INFO] kernel name: ori_fft, kernel time: 1.534656 ms
2024-01-05 12:36:30 - [INFO] id: 3 is destroyed!
2024-01-05 12:36:30 - [INFO] kernel name: gptb_cutcp, id: 8 is executing ...
2024-01-05 12:36:30 - [INFO] kernelParams size: 18
2024-01-05 12:36:30 - [INFO] kernel name: gptb_cutcp, kernel time: 0.080480 ms
2024-01-05 12:36:30 - [INFO] kernel name: gptb_cutcp, id: 8 is destroyed!
2024-01-05 12:36:30 - [INFO] kernel name: , id: 7 is destroyed!
2024-01-05 12:36:30 - [INFO] kernel name: gptb_cp, id: 11 is executing ...
2024-01-05 12:36:30 - [INFO] kernelParams size: 13
2024-01-05 12:38:33 - [INFO] CUDA init complete
2024-01-05 12:38:34 - [INFO] kernel name: ori_cp, id: 1 is executing ...
2024-01-05 12:38:34 - [INFO] kernel name: ori_cp, kernel time: 3.028512 ms
2024-01-05 12:38:34 - [INFO] id: 1 is destroyed!
2024-01-05 12:38:34 - [INFO] kernel name: , id: 2 is executing ...
2024-01-05 12:38:34 - [INFO] kernel name: , kernel time: 0.878432 ms
2024-01-05 12:38:34 - [INFO] kernel name: , id: 2 is destroyed!
2024-01-05 12:38:34 - [INFO] kernel name: ori_fft, id: 3 is executing ...
2024-01-05 12:38:34 - [INFO] kernel name: ori_fft, kernel time: 1.532800 ms
2024-01-05 12:38:34 - [INFO] id: 3 is destroyed!
2024-01-05 12:38:34 - [INFO] kernel name: gptb_cutcp, id: 8 is executing ...
2024-01-05 12:38:34 - [INFO] kernelParams size: 18
2024-01-05 12:38:34 - [INFO] smem: 4096
2024-01-05 12:38:34 - [INFO] kernel name: gptb_cutcp, kernel time: 0.103360 ms
2024-01-05 12:38:34 - [INFO] kernel name: gptb_cutcp, id: 8 is destroyed!
2024-01-05 12:38:34 - [INFO] kernel name: , id: 7 is destroyed!
2024-01-05 12:38:34 - [INFO] kernel name: gptb_cp, id: 11 is executing ...
2024-01-05 12:38:34 - [INFO] kernelParams size: 13
2024-01-05 12:38:34 - [INFO] smem: 3221330330
2024-01-05 12:40:14 - [INFO] CUDA init complete
2024-01-05 12:40:15 - [INFO] kernel name: ori_cp, id: 1 is executing ...
2024-01-05 12:40:15 - [INFO] kernel name: ori_cp, kernel time: 3.024352 ms
2024-01-05 12:40:15 - [INFO] id: 1 is destroyed!
2024-01-05 12:40:15 - [INFO] kernel name: , id: 2 is executing ...
2024-01-05 12:40:15 - [INFO] kernel name: , kernel time: 0.876672 ms
2024-01-05 12:40:15 - [INFO] kernel name: , id: 2 is destroyed!
2024-01-05 12:40:15 - [INFO] kernel name: ori_fft, id: 3 is executing ...
2024-01-05 12:40:15 - [INFO] kernel name: ori_fft, kernel time: 1.536096 ms
2024-01-05 12:40:15 - [INFO] id: 3 is destroyed!
2024-01-05 12:40:15 - [INFO] kernel name: gptb_cutcp, id: 8 is executing ...
2024-01-05 12:40:15 - [INFO] kernelParams size: 18
2024-01-05 12:40:15 - [INFO] smem: 4096
2024-01-05 12:40:15 - [INFO] kernel name: gptb_cutcp, kernel time: 0.096608 ms
2024-01-05 12:40:15 - [INFO] kernel name: gptb_cutcp, id: 8 is destroyed!
2024-01-05 12:40:15 - [INFO] kernel name: , id: 7 is destroyed!
2024-01-05 12:40:15 - [INFO] kernel name: gptb_cp, id: 11 is executing ...
2024-01-05 12:40:15 - [INFO] kernelParams size: 13
2024-01-05 12:40:15 - [INFO] smem: 0
2024-01-05 12:40:15 - [INFO] kernel name: gptb_cp, kernel time: 3.499904 ms
2024-01-05 12:40:15 - [INFO] kernel name: gptb_cp, id: 11 is destroyed!
2024-01-05 12:40:15 - [INFO] id: 10 is destroyed!
2024-01-05 12:40:15 - [INFO] kernel name: gptb_fft, id: 12 is executing ...
2024-01-05 12:40:15 - [INFO] kernelParams size: 11
2024-01-05 12:40:15 - [INFO] smem: 2048
2024-01-05 12:40:15 - [INFO] kernel name: gptb_fft, kernel time: 1.600768 ms
2024-01-05 12:40:15 - [INFO] kernel name: gptb_fft, id: 12 is destroyed!
2024-01-05 12:40:15 - [INFO] id: 9 is destroyed!
2024-01-05 12:40:15 - [INFO] task name: Task4, id: 4 is destroyed!
2024-01-05 12:40:15 - [INFO] task name: Task3, id: 3 is destroyed!
2024-01-05 12:40:15 - [INFO] task name: Task1, id: 1 is destroyed!
2024-01-05 12:40:15 - [INFO] Tacker exit
2024-01-05 12:52:05 - [INFO] CUDA init complete
2024-01-05 12:58:51 - [INFO] CUDA init complete
2024-01-05 13:34:16 - [INFO] CUDA init complete
2024-01-05 13:35:34 - [INFO] CUDA init complete
2024-01-05 13:40:04 - [INFO] CUDA init complete
2024-01-05 13:40:05 - [INFO] kernel name: ori_cp, id: 1 is executing ...
2024-01-05 13:40:05 - [INFO] kernel name: ori_cp, kernel time: 3.018592 ms
2024-01-05 13:40:05 - [INFO] id: 1 is destroyed!
2024-01-05 13:40:05 - [INFO] kernel name: , id: 2 is executing ...
2024-01-05 13:40:05 - [INFO] kernel name: , kernel time: 0.864768 ms
2024-01-05 13:40:05 - [INFO] kernel name: , id: 2 is destroyed!
2024-01-05 13:40:05 - [INFO] kernel name: ori_fft, id: 3 is executing ...
2024-01-05 13:40:05 - [INFO] kernel name: ori_fft, kernel time: 1.529664 ms
2024-01-05 13:40:05 - [INFO] id: 3 is destroyed!
2024-01-05 13:40:05 - [INFO] kernel name: gptb_cutcp, id: 8 is executing ...
2024-01-05 13:40:05 - [INFO] kernel name: gptb_cutcp, kernel time: 0.064640 ms
2024-01-05 13:40:05 - [INFO] kernel name: gptb_cutcp, id: 8 is destroyed!
2024-01-05 13:40:05 - [INFO] kernel name: , id: 7 is destroyed!
2024-01-05 13:40:05 - [INFO] kernel name: gptb_cp, id: 11 is executing ...
2024-01-05 13:40:05 - [INFO] kernel name: gptb_cp, kernel time: 3.464352 ms
2024-01-05 13:40:05 - [INFO] kernel name: gptb_cp, id: 11 is destroyed!
2024-01-05 13:40:05 - [INFO] id: 10 is destroyed!
2024-01-05 13:40:05 - [INFO] kernel name: gptb_fft, id: 12 is executing ...
2024-01-05 13:40:05 - [INFO] kernel name: gptb_fft, kernel time: 1.569888 ms
2024-01-05 13:40:05 - [INFO] kernel name: gptb_fft, id: 12 is destroyed!
2024-01-05 13:40:05 - [INFO] id: 9 is destroyed!
2024-01-05 13:40:05 - [INFO] task name: Task4, id: 4 is destroyed!
2024-01-05 13:40:05 - [INFO] task name: Task3, id: 3 is destroyed!
2024-01-05 13:40:05 - [INFO] task name: Task1, id: 1 is destroyed!
2024-01-05 13:40:05 - [INFO] Tacker exit
2024-01-05 13:47:11 - [INFO] CUDA init complete
2024-01-05 13:47:12 - [INFO] kernel name: ori_cp, id: 1 is executing ...
2024-01-05 13:47:12 - [INFO] kernel name: ori_cp, kernel time: 3.025472 ms
2024-01-05 13:47:12 - [INFO] id: 1 is destroyed!
2024-01-05 13:47:12 - [INFO] kernel name: ori_cutcp, id: 2 is executing ...
2024-01-05 13:47:12 - [INFO] kernel name: ori_cutcp, kernel time: 0.882848 ms
2024-01-05 13:47:12 - [INFO] kernel name: ori_cutcp, id: 2 is destroyed!
2024-01-05 13:47:12 - [INFO] kernel name: ori_fft, id: 3 is executing ...
2024-01-05 13:47:12 - [INFO] kernel name: ori_fft, kernel time: 1.531840 ms
2024-01-05 13:47:12 - [INFO] id: 3 is destroyed!
2024-01-05 13:47:12 - [INFO] kernel name: gptb_cutcp, id: 8 is executing ...
2024-01-05 13:47:12 - [INFO] kernel name: gptb_cutcp, kernel time: 0.063872 ms
2024-01-05 13:47:12 - [INFO] kernel name: gptb_cutcp, id: 8 is destroyed!
2024-01-05 13:47:12 - [INFO] kernel name: ori_cutcp, id: 7 is destroyed!
2024-01-05 13:47:12 - [INFO] kernel name: gptb_cp, id: 11 is executing ...
2024-01-05 13:47:12 - [INFO] kernel name: gptb_cp, kernel time: 3.465088 ms
2024-01-05 13:47:12 - [INFO] kernel name: gptb_cp, id: 11 is destroyed!
2024-01-05 13:47:12 - [INFO] id: 10 is destroyed!
2024-01-05 13:47:12 - [INFO] kernel name: gptb_fft, id: 12 is executing ...
2024-01-05 13:47:12 - [INFO] kernel name: gptb_fft, kernel time: 1.571584 ms
2024-01-05 13:47:12 - [INFO] kernel name: gptb_fft, id: 12 is destroyed!
2024-01-05 13:47:12 - [INFO] id: 9 is destroyed!
2024-01-05 13:47:12 - [INFO] task name: Task4, id: 4 is destroyed!
2024-01-05 13:47:12 - [INFO] task name: Task3, id: 3 is destroyed!
2024-01-05 13:47:12 - [INFO] task name: Task1, id: 1 is destroyed!
2024-01-05 13:47:12 - [INFO] Tacker exit
2024-01-05 13:52:48 - [INFO] CUDA init complete
2024-01-05 13:52:49 - [INFO] kernel name: ori_cp, id: 1 is executing ...
2024-01-05 13:52:49 - [INFO] kernel name: ori_cp, kernel time: 3.040576 ms
2024-01-05 13:52:49 - [INFO] id: 1 is destroyed!
2024-01-05 13:52:49 - [INFO] kernel name: ori_cutcp, id: 2 is executing ...
2024-01-05 13:52:57 - [INFO] kernel name: ori_cutcp, kernel time: 8600.983398 ms
2024-01-05 13:52:57 - [INFO] kernel name: ori_cutcp, id: 2 is destroyed!
2024-01-05 13:52:57 - [INFO] kernel name: ori_fft, id: 3 is executing ...
2024-01-05 13:52:57 - [INFO] kernel name: ori_fft, kernel time: 1.152768 ms
2024-01-05 13:52:57 - [INFO] id: 3 is destroyed!
2024-01-05 13:52:57 - [INFO] kernel name: gptb_cutcp, id: 8 is executing ...
2024-01-05 13:53:04 - [INFO] kernel name: gptb_cutcp, kernel time: 7002.956543 ms
2024-01-05 13:53:04 - [INFO] kernel name: gptb_cutcp, id: 8 is destroyed!
2024-01-05 13:53:04 - [INFO] kernel name: ori_cutcp, id: 7 is destroyed!
2024-01-05 13:53:04 - [INFO] kernel name: gptb_cp, id: 11 is executing ...
2024-01-05 13:53:04 - [INFO] kernel name: gptb_cp, kernel time: 2.546144 ms
2024-01-05 13:53:04 - [INFO] kernel name: gptb_cp, id: 11 is destroyed!
2024-01-05 13:53:04 - [INFO] id: 10 is destroyed!
2024-01-05 13:53:04 - [INFO] kernel name: gptb_fft, id: 12 is executing ...
2024-01-05 13:53:04 - [INFO] kernel name: gptb_fft, kernel time: 1.143264 ms
2024-01-05 13:53:04 - [INFO] kernel name: gptb_fft, id: 12 is destroyed!
2024-01-05 13:53:04 - [INFO] id: 9 is destroyed!
2024-01-05 13:53:04 - [INFO] task name: Task4, id: 4 is destroyed!
2024-01-05 13:53:04 - [INFO] task name: Task3, id: 3 is destroyed!
2024-01-05 13:53:04 - [INFO] task name: Task1, id: 1 is destroyed!
2024-01-05 13:53:05 - [INFO] Tacker exit
2024-01-05 13:57:20 - [INFO] CUDA init complete
2024-01-05 13:57:21 - [INFO] kernel name: ori_cp, id: 1 is executing ...
2024-01-05 13:57:21 - [INFO] kernel name: ori_cp, kernel time: 2.978400 ms
2024-01-05 13:57:21 - [INFO] id: 1 is destroyed!
2024-01-05 13:57:21 - [INFO] kernel name: ori_cutcp, id: 2 is executing ...
2024-01-05 13:57:21 - [INFO] kernel name: ori_cutcp, kernel time: 0.910624 ms
2024-01-05 13:57:21 - [INFO] kernel name: ori_cutcp, id: 2 is destroyed!
2024-01-05 13:57:21 - [INFO] kernel name: ori_fft, id: 3 is executing ...
2024-01-05 13:57:21 - [INFO] kernel name: ori_fft, kernel time: 1.535584 ms
2024-01-05 13:57:21 - [INFO] id: 3 is destroyed!
2024-01-05 13:57:21 - [INFO] kernel name: gptb_cutcp, id: 8 is executing ...
2024-01-05 13:57:21 - [INFO] kernel name: gptb_cutcp, kernel time: 1.054976 ms
2024-01-05 13:57:21 - [INFO] kernel name: gptb_cutcp, id: 8 is destroyed!
2024-01-05 13:57:21 - [INFO] kernel name: ori_cutcp, id: 7 is destroyed!
2024-01-05 13:57:21 - [INFO] kernel name: gptb_cp, id: 11 is executing ...
2024-01-05 13:57:21 - [INFO] kernel name: gptb_cp, kernel time: 3.456128 ms
2024-01-05 13:57:21 - [INFO] kernel name: gptb_cp, id: 11 is destroyed!
2024-01-05 13:57:21 - [INFO] id: 10 is destroyed!
2024-01-05 13:57:21 - [INFO] kernel name: gptb_fft, id: 12 is executing ...
2024-01-05 13:57:21 - [INFO] kernel name: gptb_fft, kernel time: 1.564608 ms
2024-01-05 13:57:21 - [INFO] kernel name: gptb_fft, id: 12 is destroyed!
2024-01-05 13:57:21 - [INFO] id: 9 is destroyed!
2024-01-05 13:57:21 - [INFO] task name: Task4, id: 4 is destroyed!
2024-01-05 13:57:21 - [INFO] task name: Task3, id: 3 is destroyed!
2024-01-05 13:57:21 - [INFO] task name: Task1, id: 1 is destroyed!
2024-01-05 13:57:21 - [INFO] Tacker exit
2024-01-05 13:58:52 - [INFO] CUDA init complete
2024-01-05 13:58:53 - [INFO] kernel name: ori_cp, id: 1 is executing ...
2024-01-05 13:58:53 - [INFO] kernel name: ori_cp, kernel time: 2.982336 ms
2024-01-05 13:58:53 - [INFO] id: 1 is destroyed!
2024-01-05 13:58:53 - [INFO] kernel name: ori_cutcp, id: 2 is executing ...
2024-01-05 13:58:53 - [INFO] kernel name: ori_cutcp, kernel time: 0.920832 ms
2024-01-05 13:58:53 - [INFO] kernel name: ori_cutcp, id: 2 is destroyed!
2024-01-05 13:58:53 - [INFO] kernel name: ori_fft, id: 3 is executing ...
2024-01-05 13:58:53 - [INFO] kernel name: ori_fft, kernel time: 1.528640 ms
2024-01-05 13:58:53 - [INFO] id: 3 is destroyed!
2024-01-05 13:58:53 - [INFO] kernel name: gptb_cutcp, id: 8 is executing ...
2024-01-05 13:58:53 - [INFO] kernel name: gptb_cutcp, kernel time: 2.677024 ms
2024-01-05 13:58:53 - [INFO] kernel name: gptb_cutcp, id: 8 is destroyed!
2024-01-05 13:58:53 - [INFO] kernel name: ori_cutcp, id: 7 is destroyed!
2024-01-05 13:58:53 - [INFO] kernel name: gptb_cp, id: 11 is executing ...
2024-01-05 13:58:53 - [INFO] kernel name: gptb_cp, kernel time: 3.459040 ms
2024-01-05 13:58:53 - [INFO] kernel name: gptb_cp, id: 11 is destroyed!
2024-01-05 13:58:53 - [INFO] id: 10 is destroyed!
2024-01-05 13:58:53 - [INFO] kernel name: gptb_fft, id: 12 is executing ...
2024-01-05 13:58:53 - [INFO] kernel name: gptb_fft, kernel time: 1.566464 ms
2024-01-05 13:58:53 - [INFO] kernel name: gptb_fft, id: 12 is destroyed!
2024-01-05 13:58:53 - [INFO] id: 9 is destroyed!
2024-01-05 13:58:53 - [INFO] task name: Task4, id: 4 is destroyed!
2024-01-05 13:58:53 - [INFO] task name: Task3, id: 3 is destroyed!
2024-01-05 13:58:53 - [INFO] task name: Task1, id: 1 is destroyed!
2024-01-05 13:58:54 - [INFO] Tacker exit
2024-01-05 14:01:31 - [INFO] CUDA init complete
2024-01-05 14:01:31 - [INFO] kernel name: ori_cp, id: 1 is executing ...
2024-01-05 14:01:31 - [INFO] kernel name: ori_cp, kernel time: 2.993312 ms
2024-01-05 14:01:31 - [INFO] id: 1 is destroyed!
2024-01-05 14:01:31 - [INFO] kernel name: ori_cutcp, id: 2 is executing ...
2024-01-05 14:01:31 - [INFO] kernel name: ori_cutcp, kernel time: 0.907488 ms
2024-01-05 14:01:31 - [INFO] kernel name: ori_cutcp, id: 2 is destroyed!
2024-01-05 14:01:31 - [INFO] kernel name: ori_fft, id: 3 is executing ...
2024-01-05 14:01:31 - [INFO] kernel name: ori_fft, kernel time: 1.529088 ms
2024-01-05 14:01:31 - [INFO] id: 3 is destroyed!
2024-01-05 14:01:31 - [INFO] kernel name: gptb_cutcp, id: 8 is executing ...
2024-01-05 14:01:31 - [INFO] kernel name: gptb_cutcp, kernel time: 2.656896 ms
2024-01-05 14:01:31 - [INFO] kernel name: gptb_cutcp, id: 8 is destroyed!
2024-01-05 14:01:31 - [INFO] kernel name: ori_cutcp, id: 7 is destroyed!
2024-01-05 14:01:31 - [INFO] kernel name: gptb_cp, id: 11 is executing ...
2024-01-05 14:01:31 - [INFO] kernel name: gptb_cp, kernel time: 3.457408 ms
2024-01-05 14:01:31 - [INFO] kernel name: gptb_cp, id: 11 is destroyed!
2024-01-05 14:01:31 - [INFO] id: 10 is destroyed!
2024-01-05 14:01:31 - [INFO] kernel name: gptb_fft, id: 12 is executing ...
2024-01-05 14:01:31 - [INFO] kernel name: gptb_fft, kernel time: 1.565664 ms
2024-01-05 14:01:31 - [INFO] kernel name: gptb_fft, id: 12 is destroyed!
2024-01-05 14:01:31 - [INFO] id: 9 is destroyed!
2024-01-05 14:01:32 - [INFO] task name: Task4, id: 4 is destroyed!
2024-01-05 14:01:32 - [INFO] task name: Task3, id: 3 is destroyed!
2024-01-05 14:01:32 - [INFO] task name: Task1, id: 1 is destroyed!
2024-01-05 14:01:32 - [INFO] Tacker exit
2024-01-05 14:02:14 - [INFO] CUDA init complete
2024-01-05 14:02:15 - [INFO] kernel name: ori_cp, id: 1 is executing ...
2024-01-05 14:02:15 - [INFO] kernel name: ori_cp, kernel time: 2.981824 ms
2024-01-05 14:02:15 - [INFO] id: 1 is destroyed!
2024-01-05 14:02:15 - [INFO] kernel name: ori_cutcp, id: 2 is executing ...
2024-01-05 14:02:15 - [INFO] kernel name: ori_cutcp, kernel time: 0.911104 ms
2024-01-05 14:02:15 - [INFO] kernel name: ori_cutcp, id: 2 is destroyed!
2024-01-05 14:02:15 - [INFO] kernel name: ori_fft, id: 3 is executing ...
2024-01-05 14:02:15 - [INFO] kernel name: ori_fft, kernel time: 1.532416 ms
2024-01-05 14:02:15 - [INFO] id: 3 is destroyed!
2024-01-05 14:02:15 - [INFO] kernel name: gptb_cutcp, id: 8 is executing ...
2024-01-05 14:02:15 - [INFO] kernel name: gptb_cutcp, kernel time: 1.056064 ms
2024-01-05 14:02:15 - [INFO] kernel name: gptb_cutcp, id: 8 is destroyed!
2024-01-05 14:02:15 - [INFO] kernel name: ori_cutcp, id: 7 is destroyed!
2024-01-05 14:02:15 - [INFO] kernel name: gptb_cp, id: 11 is executing ...
2024-01-05 14:02:15 - [INFO] kernel name: gptb_cp, kernel time: 3.454336 ms
2024-01-05 14:02:15 - [INFO] kernel name: gptb_cp, id: 11 is destroyed!
2024-01-05 14:02:15 - [INFO] id: 10 is destroyed!
2024-01-05 14:02:15 - [INFO] kernel name: gptb_fft, id: 12 is executing ...
2024-01-05 14:02:15 - [INFO] kernel name: gptb_fft, kernel time: 1.569952 ms
2024-01-05 14:02:15 - [INFO] kernel name: gptb_fft, id: 12 is destroyed!
2024-01-05 14:02:15 - [INFO] id: 9 is destroyed!
2024-01-05 14:02:15 - [INFO] task name: Task4, id: 4 is destroyed!
2024-01-05 14:02:15 - [INFO] task name: Task3, id: 3 is destroyed!
2024-01-05 14:02:15 - [INFO] task name: Task1, id: 1 is destroyed!
2024-01-05 14:02:15 - [INFO] Tacker exit
2024-01-05 17:09:26 - [INFO] CUDA init complete
2024-01-05 17:09:27 - [INFO] kernel name: ori_cp, id: 1 is executing ...
2024-01-05 17:09:27 - [INFO] kernel name: ori_cp, kernel time: 2.951168 ms
2024-01-05 17:09:27 - [INFO] id: 1 is destroyed!
2024-01-05 17:09:27 - [INFO] kernel name: ori_cutcp, id: 2 is executing ...
2024-01-05 17:09:27 - [INFO] kernel name: ori_cutcp, kernel time: 0.903648 ms
2024-01-05 17:09:27 - [INFO] kernel name: ori_cutcp, id: 2 is destroyed!
2024-01-05 17:09:27 - [INFO] kernel name: ori_fft, id: 3 is executing ...
2024-01-05 17:09:27 - [INFO] kernel name: ori_fft, kernel time: 1.521888 ms
2024-01-05 17:09:27 - [INFO] id: 3 is destroyed!
2024-01-05 17:09:27 - [INFO] kernel name: gptb_cutcp, id: 8 is executing ...
2024-01-05 17:09:27 - [INFO] kernel name: gptb_cutcp, kernel time: 1.051776 ms
2024-01-05 17:09:27 - [INFO] kernel name: gptb_cutcp, id: 8 is destroyed!
2024-01-05 17:09:27 - [INFO] kernel name: ori_cutcp, id: 7 is destroyed!
2024-01-05 17:09:27 - [INFO] kernel name: cp_fft, kernel time: 3.956928 ms
2024-01-05 17:09:27 - [INFO] id: 13 is destroyed!
2024-01-05 17:09:27 - [INFO] kernel name: gptb_fft, id: 12 is destroyed!
2024-01-05 17:09:27 - [INFO] id: 9 is destroyed!
2024-01-05 17:09:27 - [INFO] kernel name: gptb_cp, id: 11 is destroyed!
2024-01-05 17:09:27 - [INFO] id: 10 is destroyed!
2024-01-05 17:09:27 - [INFO] task name: Task4, id: 4 is destroyed!
2024-01-05 17:09:27 - [INFO] task name: Task3, id: 3 is destroyed!
2024-01-05 17:09:27 - [INFO] task name: Task1, id: 1 is destroyed!
2024-01-05 17:09:27 - [INFO] Tacker exit
2024-01-05 19:50:03 - [INFO] CUDA init complete
2024-01-05 19:54:30 - [INFO] CUDA init complete
2024-01-05 19:54:31 - [INFO] kernel name: ori_cp, id: 1 is executing ...
2024-01-05 19:54:31 - [INFO] kernel name: ori_cp, kernel time: 2.949728 ms
2024-01-05 19:54:31 - [INFO] id: 1 is destroyed!
2024-01-05 19:54:31 - [INFO] kernel name: ori_cutcp, id: 2 is executing ...
2024-01-05 19:54:31 - [INFO] kernel name: ori_cutcp, kernel time: 0.907360 ms
2024-01-05 19:54:31 - [INFO] kernel name: ori_cutcp, id: 2 is destroyed!
2024-01-05 19:54:31 - [INFO] kernel name: ori_fft, id: 3 is executing ...
2024-01-05 19:54:31 - [INFO] kernel name: ori_fft, kernel time: 1.521632 ms
2024-01-05 19:54:31 - [INFO] id: 3 is destroyed!
2024-01-05 19:54:31 - [INFO] kernel name: cp_fft, kernel time: 4.008736 ms
2024-01-05 19:54:31 - [INFO] id: 14 is destroyed!
2024-01-05 19:54:31 - [INFO] kernel name: gptb_fft, id: 14 is destroyed!
2024-01-05 19:54:31 - [INFO] id: 9 is destroyed!
2024-01-05 19:54:31 - [INFO] kernel name: gptb_cp, id: 12 is destroyed!
2024-01-05 19:54:31 - [INFO] id: 10 is destroyed!
2024-01-05 19:56:53 - [INFO] CUDA init complete
2024-01-05 19:56:54 - [INFO] kernel name: ori_cp, id: 1 is executing ...
2024-01-05 19:56:54 - [INFO] kernel name: ori_cp, kernel time: 2.958080 ms
2024-01-05 19:56:54 - [INFO] id: 1 is destroyed!
2024-01-05 19:56:54 - [INFO] kernel name: ori_cutcp, id: 2 is executing ...
2024-01-05 19:56:54 - [INFO] kernel name: ori_cutcp, kernel time: 0.902080 ms
2024-01-05 19:56:54 - [INFO] kernel name: ori_cutcp, id: 2 is destroyed!
2024-01-05 19:56:54 - [INFO] kernel name: ori_fft, id: 3 is executing ...
2024-01-05 19:56:54 - [INFO] kernel name: ori_fft, kernel time: 1.521440 ms
2024-01-05 19:56:54 - [INFO] id: 3 is destroyed!
2024-01-05 19:56:54 - [INFO] kernel name: cp_fft, kernel time: 3.993440 ms
2024-01-05 19:56:54 - [INFO] id: 14 is destroyed!
2024-01-05 19:56:54 - [INFO] kernel name: gptb_fft, id: 14 is destroyed!
2024-01-05 19:56:54 - [INFO] id: 9 is destroyed!
2024-01-05 19:56:54 - [INFO] kernel name: gptb_cp, id: 12 is destroyed!
2024-01-05 19:56:54 - [INFO] id: 10 is destroyed!
2024-01-05 19:56:54 - [INFO] kernel name: cutcp_fft, kernel time: 1.718080 ms
2024-01-05 19:56:54 - [INFO] id: 15 is destroyed!
2024-01-05 19:56:54 - [INFO] kernel name: gptb_fft, id: 15 is destroyed!
2024-01-05 19:56:54 - [INFO] id: 11 is destroyed!
2024-01-05 19:56:54 - [INFO] kernel name: gptb_cutcp, id: 13 is destroyed!
2024-01-05 19:56:54 - [INFO] kernel name: ori_cutcp, id: 8 is destroyed!
2024-01-05 19:56:55 - [INFO] task name: Task4, id: 4 is destroyed!
2024-01-05 19:56:55 - [INFO] task name: Task1, id: 1 is destroyed!
2024-01-05 19:56:55 - [INFO] Tacker exit
2024-01-05 19:57:46 - [INFO] CUDA init complete
2024-01-05 19:57:47 - [INFO] kernel name: ori_cp, id: 1 is executing ...
2024-01-05 19:57:47 - [INFO] kernel name: ori_cp, kernel time: 2.998560 ms
2024-01-05 19:57:47 - [INFO] id: 1 is destroyed!
2024-01-05 19:57:47 - [INFO] kernel name: ori_cutcp, id: 2 is executing ...
2024-01-05 19:57:47 - [INFO] kernel name: ori_cutcp, kernel time: 0.907936 ms
2024-01-05 19:57:47 - [INFO] kernel name: ori_cutcp, id: 2 is destroyed!
2024-01-05 19:57:47 - [INFO] kernel name: ori_fft, id: 3 is executing ...
2024-01-05 19:57:47 - [INFO] kernel name: ori_fft, kernel time: 1.529504 ms
2024-01-05 19:57:47 - [INFO] id: 3 is destroyed!
2024-01-05 19:57:47 - [INFO] kernel name: cp_fft, kernel time: 3.984416 ms
2024-01-05 19:57:47 - [INFO] id: 14 is destroyed!
2024-01-05 19:57:47 - [INFO] kernel name: gptb_fft, id: 14 is destroyed!
2024-01-05 19:57:47 - [INFO] id: 9 is destroyed!
2024-01-05 19:57:47 - [INFO] kernel name: gptb_cp, id: 12 is destroyed!
2024-01-05 19:57:47 - [INFO] id: 10 is destroyed!
2024-01-05 19:57:47 - [INFO] kernel name: cutcp_fft, kernel time: 1.726720 ms
2024-01-05 19:57:47 - [INFO] id: 15 is destroyed!
2024-01-05 19:57:47 - [INFO] kernel name: gptb_fft, id: 15 is destroyed!
2024-01-05 19:57:47 - [INFO] id: 11 is destroyed!
2024-01-05 19:57:47 - [INFO] kernel name: gptb_cutcp, id: 13 is destroyed!
2024-01-05 19:57:47 - [INFO] kernel name: ori_cutcp, id: 8 is destroyed!
2024-01-05 19:57:48 - [INFO] task name: Task4, id: 4 is destroyed!
2024-01-05 19:57:48 - [INFO] task name: Task1, id: 1 is destroyed!
2024-01-05 19:57:48 - [INFO] Tacker exit
2024-01-05 20:00:07 - [INFO] CUDA init complete
2024-01-05 20:00:08 - [INFO] kernel name: ori_cp, id: 1 is executing ...
2024-01-05 20:00:08 - [INFO] kernel name: ori_cp, kernel time: 3.002336 ms
2024-01-05 20:00:08 - [INFO] id: 1 is destroyed!
2024-01-05 20:00:08 - [INFO] kernel name: ori_cutcp, id: 2 is executing ...
2024-01-05 20:00:08 - [INFO] kernel name: ori_cutcp, kernel time: 0.911584 ms
2024-01-05 20:00:08 - [INFO] kernel name: ori_cutcp, id: 2 is destroyed!
2024-01-05 20:00:08 - [INFO] kernel name: ori_fft, id: 3 is executing ...
2024-01-05 20:00:08 - [INFO] kernel name: ori_fft, kernel time: 1.530176 ms
2024-01-05 20:00:08 - [INFO] id: 3 is destroyed!
2024-01-05 20:00:08 - [INFO] kernel name: cp_fft, kernel time: 3.996576 ms
2024-01-05 20:00:08 - [INFO] id: 14 is destroyed!
2024-01-05 20:00:08 - [INFO] kernel name: gptb_fft, id: 14 is destroyed!
2024-01-05 20:00:08 - [INFO] id: 9 is destroyed!
2024-01-05 20:00:08 - [INFO] kernel name: gptb_cp, id: 12 is destroyed!
2024-01-05 20:00:08 - [INFO] id: 10 is destroyed!
2024-01-05 20:00:08 - [INFO] kernel name: cutcp_fft, kernel time: 1.727456 ms
2024-01-05 20:00:08 - [INFO] id: 15 is destroyed!
2024-01-05 20:00:08 - [INFO] kernel name: gptb_fft, id: 15 is destroyed!
2024-01-05 20:00:08 - [INFO] id: 11 is destroyed!
2024-01-05 20:00:08 - [INFO] kernel name: gptb_cutcp, id: 13 is destroyed!
2024-01-05 20:00:08 - [INFO] kernel name: ori_cutcp, id: 8 is destroyed!
2024-01-05 20:00:08 - [INFO] task name: Task4, id: 4 is destroyed!
2024-01-05 20:00:08 - [INFO] task name: Task1, id: 1 is destroyed!
2024-01-05 20:00:08 - [INFO] Tacker exit
2024-01-05 20:11:00 - [INFO] CUDA init complete
2024-01-05 20:11:01 - [INFO] kernel name: ori_cp, id: 1 is executing ...
2024-01-05 20:11:01 - [INFO] kernel name: ori_cp, kernel time: 3.026720 ms
2024-01-05 20:11:01 - [INFO] id: 1 is destroyed!
2024-01-05 20:11:01 - [INFO] kernel name: ori_cutcp, id: 2 is executing ...
2024-01-05 20:11:01 - [INFO] kernel name: ori_cutcp, kernel time: 0.891744 ms
2024-01-05 20:11:01 - [INFO] kernel name: ori_cutcp, id: 2 is destroyed!
2024-01-05 20:11:01 - [INFO] kernel name: ori_fft, id: 3 is executing ...
2024-01-05 20:11:01 - [INFO] kernel name: ori_fft, kernel time: 1.531808 ms
2024-01-05 20:11:01 - [INFO] id: 3 is destroyed!
2024-01-05 20:11:01 - [INFO] kernel name: cp_fft, kernel time: 3.908672 ms
2024-01-05 20:11:01 - [INFO] id: 14 is destroyed!
2024-01-05 20:11:01 - [INFO] kernel name: gptb_fft, id: 14 is destroyed!
2024-01-05 20:11:01 - [INFO] id: 9 is destroyed!
2024-01-05 20:11:01 - [INFO] kernel name: gptb_cp, id: 12 is destroyed!
2024-01-05 20:11:01 - [INFO] id: 10 is destroyed!
2024-01-05 20:11:01 - [INFO] kernel name: cutcp_fft, kernel time: 1.549408 ms
2024-01-05 20:11:01 - [INFO] id: 15 is destroyed!
2024-01-05 20:11:01 - [INFO] kernel name: gptb_fft, id: 15 is destroyed!
2024-01-05 20:11:01 - [INFO] id: 11 is destroyed!
2024-01-05 20:11:01 - [INFO] kernel name: gptb_cutcp, id: 13 is destroyed!
2024-01-05 20:11:01 - [INFO] kernel name: ori_cutcp, id: 8 is destroyed!
2024-01-05 20:11:01 - [INFO] task name: Task4, id: 4 is destroyed!
2024-01-05 20:11:01 - [INFO] task name: Task1, id: 1 is destroyed!
2024-01-05 20:11:01 - [INFO] Tacker exit
2024-01-05 20:11:30 - [INFO] CUDA init complete
2024-01-05 20:11:32 - [INFO] kernel name: ori_cp, id: 1 is executing ...
2024-01-05 20:11:32 - [INFO] kernel name: ori_cp, kernel time: 3.036128 ms
2024-01-05 20:11:32 - [INFO] id: 1 is destroyed!
2024-01-05 20:11:32 - [INFO] kernel name: ori_cutcp, id: 2 is executing ...
2024-01-05 20:11:32 - [INFO] kernel name: ori_cutcp, kernel time: 0.878464 ms
2024-01-05 20:11:32 - [INFO] kernel name: ori_cutcp, id: 2 is destroyed!
2024-01-05 20:11:32 - [INFO] kernel name: ori_fft, id: 3 is executing ...
2024-01-05 20:11:32 - [INFO] kernel name: ori_fft, kernel time: 1.544960 ms
2024-01-05 20:11:32 - [INFO] id: 3 is destroyed!
2024-01-05 20:11:32 - [INFO] kernel name: cp_fft, kernel time: 3.910752 ms
2024-01-05 20:11:32 - [INFO] id: 14 is destroyed!
2024-01-05 20:11:32 - [INFO] kernel name: gptb_fft, id: 14 is destroyed!
2024-01-05 20:11:32 - [INFO] id: 9 is destroyed!
2024-01-05 20:11:32 - [INFO] kernel name: gptb_cp, id: 12 is destroyed!
2024-01-05 20:11:32 - [INFO] id: 10 is destroyed!
2024-01-05 20:11:32 - [INFO] kernel name: cutcp_fft, kernel time: 1.551168 ms
2024-01-05 20:11:32 - [INFO] id: 15 is destroyed!
2024-01-05 20:11:32 - [INFO] kernel name: gptb_fft, id: 15 is destroyed!
2024-01-05 20:11:32 - [INFO] id: 11 is destroyed!
2024-01-05 20:11:32 - [INFO] kernel name: gptb_cutcp, id: 13 is destroyed!
2024-01-05 20:11:32 - [INFO] kernel name: ori_cutcp, id: 8 is destroyed!
2024-01-05 20:11:32 - [INFO] task name: Task4, id: 4 is destroyed!
2024-01-05 20:11:32 - [INFO] task name: Task1, id: 1 is destroyed!
2024-01-05 20:11:32 - [INFO] Tacker exit
2024-01-05 23:28:46 - [INFO] CUDA init complete
2024-01-05 23:28:47 - [INFO] kernel name: ori_cp, id: 1 is executing ...
2024-01-05 23:28:47 - [INFO] kernel name: ori_cp, kernel time: 2.999424 ms
2024-01-05 23:28:47 - [INFO] id: 1 is destroyed!
2024-01-05 23:28:47 - [INFO] kernel name: ori_cutcp, id: 2 is executing ...
2024-01-05 23:28:47 - [INFO] kernel name: ori_cutcp, kernel time: 0.870400 ms
2024-01-05 23:28:47 - [INFO] kernel name: ori_cutcp, id: 2 is destroyed!
2024-01-05 23:28:47 - [INFO] kernel name: ori_fft, id: 3 is executing ...
2024-01-05 23:28:47 - [INFO] kernel name: ori_fft, kernel time: 1.525568 ms
2024-01-05 23:28:47 - [INFO] id: 3 is destroyed!
2024-01-05 23:28:47 - [INFO] kernel name: ori_lbm, id: 4 is executing ...
2024-01-05 23:28:47 - [INFO] kernel name: ori_lbm, kernel time: 0.716320 ms
2024-01-05 23:28:47 - [INFO] id: 4 is destroyed!
2024-01-05 23:28:47 - [INFO] kernel name: cp_fft, kernel time: 3.911680 ms
2024-01-05 23:28:47 - [INFO] id: 14 is destroyed!
2024-01-05 23:28:47 - [INFO] kernel name: gptb_fft, id: 14 is destroyed!
2024-01-05 23:28:47 - [INFO] id: 9 is destroyed!
2024-01-05 23:28:47 - [INFO] kernel name: gptb_cp, id: 12 is destroyed!
2024-01-05 23:28:47 - [INFO] id: 10 is destroyed!
2024-01-05 23:28:47 - [INFO] kernel name: cutcp_fft, kernel time: 1.542336 ms
2024-01-05 23:28:47 - [INFO] id: 15 is destroyed!
2024-01-05 23:28:47 - [INFO] kernel name: gptb_fft, id: 15 is destroyed!
2024-01-05 23:28:47 - [INFO] id: 11 is destroyed!
2024-01-05 23:28:47 - [INFO] kernel name: gptb_cutcp, id: 13 is destroyed!
2024-01-05 23:28:47 - [INFO] kernel name: ori_cutcp, id: 8 is destroyed!
2024-01-05 23:28:47 - [INFO] task name: Task4, id: 4 is destroyed!
2024-01-05 23:28:47 - [INFO] task name: Task1, id: 1 is destroyed!
2024-01-05 23:28:47 - [INFO] Tacker exit
2024-01-06 15:18:35 - [INFO] CUDA init complete
2024-01-06 15:18:36 - [INFO] kernel name: ori_cp, id: 1 is executing ...
2024-01-06 15:18:36 - [INFO] kernel name: ori_cp, kernel time: 2.883328 ms
2024-01-06 15:18:36 - [INFO] id: 1 is destroyed!
2024-01-06 15:18:36 - [INFO] kernel name: ori_cutcp, id: 2 is executing ...
2024-01-06 15:18:36 - [INFO] kernel name: ori_cutcp, kernel time: 0.872256 ms
2024-01-06 15:18:36 - [INFO] kernel name: ori_cutcp, id: 2 is destroyed!
2024-01-06 15:18:36 - [INFO] kernel name: ori_fft, id: 3 is executing ...
2024-01-06 15:18:36 - [INFO] kernel name: ori_fft, kernel time: 1.527424 ms
2024-01-06 15:18:36 - [INFO] id: 3 is destroyed!
2024-01-06 15:18:36 - [INFO] kernel name: ori_lbm, id: 4 is executing ...
2024-01-06 15:18:36 - [INFO] kernel name: ori_lbm, kernel time: 0.722848 ms
2024-01-06 15:18:36 - [INFO] id: 4 is destroyed!
2024-01-06 15:18:36 - [INFO] kernel name: cp_fft, kernel time: 3.911264 ms
2024-01-06 15:18:36 - [INFO] id: 14 is destroyed!
2024-01-06 15:18:36 - [INFO] kernel name: gptb_fft, id: 14 is destroyed!
2024-01-06 15:18:36 - [INFO] id: 9 is destroyed!
2024-01-06 15:18:36 - [INFO] kernel name: gptb_cp, id: 12 is destroyed!
2024-01-06 15:18:36 - [INFO] id: 10 is destroyed!
2024-01-06 15:18:36 - [INFO] kernel name: cutcp_fft, kernel time: 1.578624 ms
2024-01-06 15:18:36 - [INFO] id: 15 is destroyed!
2024-01-06 15:18:36 - [INFO] kernel name: gptb_fft, id: 15 is destroyed!
2024-01-06 15:18:36 - [INFO] id: 11 is destroyed!
2024-01-06 15:18:36 - [INFO] kernel name: gptb_cutcp, id: 13 is destroyed!
2024-01-06 15:18:36 - [INFO] kernel name: ori_cutcp, id: 8 is destroyed!
2024-01-06 15:18:36 - [INFO] kernel name: gptb_lbm, id: 16 is executing ...
2024-01-06 15:18:36 - [INFO] kernel name: gptb_lbm, kernel time: 0.841952 ms
2024-01-06 15:18:36 - [INFO] kernel name: gptb_lbm, id: 16 is destroyed!
2024-01-06 15:18:36 - [INFO] id: 16 is destroyed!
2024-01-06 15:18:36 - [INFO] task name: Task5, id: 5 is destroyed!
2024-01-06 15:18:36 - [INFO] task name: Task4, id: 4 is destroyed!
2024-01-06 15:18:36 - [INFO] task name: Task1, id: 1 is destroyed!
2024-01-06 15:18:36 - [INFO] Tacker exit
2024-01-06 15:27:47 - [INFO] CUDA init complete
2024-01-06 15:27:49 - [INFO] kernel name: ori_cp, id: 1 is executing ...
2024-01-06 15:27:49 - [INFO] kernel name: ori_cp, kernel time: 2.883520 ms
2024-01-06 15:27:49 - [INFO] id: 1 is destroyed!
2024-01-06 15:27:49 - [INFO] kernel name: ori_cutcp, id: 2 is executing ...
2024-01-06 15:27:49 - [INFO] kernel name: ori_cutcp, kernel time: 0.859744 ms
2024-01-06 15:27:49 - [INFO] kernel name: ori_cutcp, id: 2 is destroyed!
2024-01-06 15:27:49 - [INFO] kernel name: ori_fft, id: 3 is executing ...
2024-01-06 15:27:49 - [INFO] kernel name: ori_fft, kernel time: 1.521312 ms
2024-01-06 15:27:49 - [INFO] id: 3 is destroyed!
2024-01-06 15:27:49 - [INFO] kernel name: ori_lbm, id: 4 is executing ...
2024-01-06 15:27:49 - [INFO] kernel name: ori_lbm, kernel time: 0.712192 ms
2024-01-06 15:27:49 - [INFO] id: 4 is destroyed!
2024-01-06 15:27:49 - [INFO] kernel name: cp_fft, kernel time: 3.915776 ms
2024-01-06 15:27:49 - [INFO] id: 14 is destroyed!
2024-01-06 15:27:49 - [INFO] kernel name: gptb_fft, id: 14 is destroyed!
2024-01-06 15:27:49 - [INFO] id: 9 is destroyed!
2024-01-06 15:27:49 - [INFO] kernel name: gptb_cp, id: 12 is destroyed!
2024-01-06 15:27:49 - [INFO] id: 10 is destroyed!
2024-01-06 15:27:49 - [INFO] kernel name: cutcp_fft, kernel time: 1.545856 ms
2024-01-06 15:27:49 - [INFO] id: 15 is destroyed!
2024-01-06 15:27:49 - [INFO] kernel name: gptb_fft, id: 15 is destroyed!
2024-01-06 15:27:49 - [INFO] id: 11 is destroyed!
2024-01-06 15:27:49 - [INFO] kernel name: gptb_cutcp, id: 13 is destroyed!
2024-01-06 15:27:49 - [INFO] kernel name: ori_cutcp, id: 8 is destroyed!
2024-01-06 15:27:49 - [INFO] kernel name: gptb_lbm, id: 16 is executing ...
2024-01-06 15:27:49 - [INFO] kernel name: gptb_lbm, kernel time: 0.836512 ms
2024-01-06 15:27:49 - [INFO] kernel name: gptb_lbm, id: 16 is destroyed!
2024-01-06 15:27:49 - [INFO] id: 16 is destroyed!
2024-01-06 15:27:49 - [INFO] task name: Task5, id: 5 is destroyed!
2024-01-06 15:27:49 - [INFO] task name: Task4, id: 4 is destroyed!
2024-01-06 15:27:49 - [INFO] task name: Task1, id: 1 is destroyed!
2024-01-06 15:27:49 - [INFO] Tacker exit
2024-01-06 15:28:05 - [INFO] CUDA init complete
2024-01-06 15:28:06 - [INFO] kernel name: ori_cp, id: 1 is executing ...
2024-01-06 15:28:06 - [INFO] kernel name: ori_cp, kernel time: 2.886560 ms
2024-01-06 15:28:06 - [INFO] id: 1 is destroyed!
2024-01-06 15:28:06 - [INFO] kernel name: ori_cutcp, id: 2 is executing ...
2024-01-06 15:28:06 - [INFO] kernel name: ori_cutcp, kernel time: 0.874464 ms
2024-01-06 15:28:06 - [INFO] kernel name: ori_cutcp, id: 2 is destroyed!
2024-01-06 15:28:06 - [INFO] kernel name: ori_fft, id: 3 is executing ...
2024-01-06 15:28:06 - [INFO] kernel name: ori_fft, kernel time: 1.537120 ms
2024-01-06 15:28:06 - [INFO] id: 3 is destroyed!
2024-01-06 15:28:06 - [INFO] kernel name: ori_lbm, id: 4 is executing ...
2024-01-06 15:28:06 - [INFO] kernel name: ori_lbm, kernel time: 0.718368 ms
2024-01-06 15:28:06 - [INFO] id: 4 is destroyed!
2024-01-06 15:28:06 - [INFO] kernel name: cp_fft, kernel time: 3.911168 ms
2024-01-06 15:28:06 - [INFO] id: 14 is destroyed!
2024-01-06 15:28:06 - [INFO] kernel name: gptb_fft, id: 14 is destroyed!
2024-01-06 15:28:06 - [INFO] id: 9 is destroyed!
2024-01-06 15:28:06 - [INFO] kernel name: gptb_cp, id: 12 is destroyed!
2024-01-06 15:28:06 - [INFO] id: 10 is destroyed!
2024-01-06 15:28:06 - [INFO] kernel name: cutcp_fft, kernel time: 1.546816 ms
2024-01-06 15:28:06 - [INFO] id: 15 is destroyed!
2024-01-06 15:28:06 - [INFO] kernel name: gptb_fft, id: 15 is destroyed!
2024-01-06 15:28:06 - [INFO] id: 11 is destroyed!
2024-01-06 15:28:06 - [INFO] kernel name: gptb_cutcp, id: 13 is destroyed!
2024-01-06 15:28:06 - [INFO] kernel name: ori_cutcp, id: 8 is destroyed!
2024-01-06 15:28:06 - [INFO] kernel name: gptb_lbm, id: 16 is executing ...
2024-01-06 15:28:06 - [INFO] kernel name: gptb_lbm, kernel time: 0.820320 ms
2024-01-06 15:28:06 - [INFO] kernel name: gptb_lbm, id: 16 is destroyed!
2024-01-06 15:28:06 - [INFO] id: 16 is destroyed!
2024-01-06 15:28:06 - [INFO] task name: Task5, id: 5 is destroyed!
2024-01-06 15:28:06 - [INFO] task name: Task4, id: 4 is destroyed!
2024-01-06 15:28:06 - [INFO] task name: Task1, id: 1 is destroyed!
2024-01-06 15:28:06 - [INFO] Tacker exit
2024-01-06 15:30:40 - [INFO] CUDA init complete
2024-01-06 15:30:41 - [INFO] kernel name: ori_cp, id: 1 is executing ...
2024-01-06 15:30:41 - [INFO] kernel name: ori_cp, kernel time: 2.888224 ms
2024-01-06 15:30:41 - [INFO] id: 1 is destroyed!
2024-01-06 15:30:41 - [INFO] kernel name: ori_cutcp, id: 2 is executing ...
2024-01-06 15:30:41 - [INFO] kernel name: ori_cutcp, kernel time: 0.878112 ms
2024-01-06 15:30:41 - [INFO] kernel name: ori_cutcp, id: 2 is destroyed!
2024-01-06 15:30:41 - [INFO] kernel name: ori_fft, id: 3 is executing ...
2024-01-06 15:30:41 - [INFO] kernel name: ori_fft, kernel time: 1.532448 ms
2024-01-06 15:30:41 - [INFO] id: 3 is destroyed!
2024-01-06 15:30:41 - [INFO] kernel name: ori_lbm, id: 4 is executing ...
2024-01-06 15:30:41 - [INFO] kernel name: ori_lbm, kernel time: 0.737056 ms
2024-01-06 15:30:41 - [INFO] id: 4 is destroyed!
2024-01-06 15:30:41 - [INFO] kernel name: cp_fft, kernel time: 3.905120 ms
2024-01-06 15:30:41 - [INFO] id: 14 is destroyed!
2024-01-06 15:30:41 - [INFO] kernel name: gptb_fft, id: 14 is destroyed!
2024-01-06 15:30:41 - [INFO] id: 9 is destroyed!
2024-01-06 15:30:41 - [INFO] kernel name: gptb_cp, id: 12 is destroyed!
2024-01-06 15:30:41 - [INFO] id: 10 is destroyed!
2024-01-06 15:30:41 - [INFO] kernel name: cutcp_fft, kernel time: 1.592832 ms
2024-01-06 15:30:41 - [INFO] id: 15 is destroyed!
2024-01-06 15:30:41 - [INFO] kernel name: gptb_fft, id: 15 is destroyed!
2024-01-06 15:30:41 - [INFO] id: 11 is destroyed!
2024-01-06 15:30:41 - [INFO] kernel name: gptb_cutcp, id: 13 is destroyed!
2024-01-06 15:30:41 - [INFO] kernel name: ori_cutcp, id: 8 is destroyed!
2024-01-06 15:30:41 - [INFO] kernel name: gptb_lbm, id: 16 is executing ...
2024-01-06 15:30:41 - [INFO] kernel name: gptb_lbm, kernel time: 0.818208 ms
2024-01-06 15:30:41 - [INFO] kernel name: gptb_lbm, id: 16 is destroyed!
2024-01-06 15:30:41 - [INFO] id: 16 is destroyed!
2024-01-06 15:30:41 - [INFO] task name: Task5, id: 5 is destroyed!
2024-01-06 15:30:41 - [INFO] task name: Task4, id: 4 is destroyed!
2024-01-06 15:30:41 - [INFO] task name: Task1, id: 1 is destroyed!
2024-01-06 15:30:42 - [INFO] Tacker exit
2024-01-07 11:22:42 - [INFO] CUDA init complete
2024-01-07 11:22:43 - [INFO] kernel name: ori_cp, id: 1 is executing ...
2024-01-07 11:22:43 - [INFO] kernel name: ori_cp, kernel time: 2.995104 ms
2024-01-07 11:22:43 - [INFO] id: 1 is destroyed!
2024-01-07 11:22:43 - [INFO] kernel name: ori_cutcp, id: 2 is executing ...
2024-01-07 11:22:43 - [INFO] kernel name: ori_cutcp, kernel time: 0.861120 ms
2024-01-07 11:22:43 - [INFO] kernel name: ori_cutcp, id: 2 is destroyed!
2024-01-07 11:22:43 - [INFO] kernel name: ori_fft, id: 3 is executing ...
2024-01-07 11:22:43 - [INFO] kernel name: ori_fft, kernel time: 1.524832 ms
2024-01-07 11:22:43 - [INFO] id: 3 is destroyed!
2024-01-07 11:22:43 - [INFO] kernel name: ori_lbm, id: 4 is executing ...
2024-01-07 11:22:43 - [INFO] kernel name: ori_lbm, kernel time: 0.713888 ms
2024-01-07 11:22:43 - [INFO] id: 4 is destroyed!
2024-01-07 11:22:43 - [INFO] kernel name: ori_mrif, id: 5 is executing ...
2024-01-07 11:24:34 - [INFO] CUDA init complete
2024-01-07 11:24:36 - [INFO] kernel name: ori_cp, id: 1 is executing ...
2024-01-07 11:24:36 - [INFO] kernel name: ori_cp, kernel time: 2.996064 ms
2024-01-07 11:24:36 - [INFO] id: 1 is destroyed!
2024-01-07 11:24:36 - [INFO] kernel name: ori_cutcp, id: 2 is executing ...
2024-01-07 11:24:36 - [INFO] kernel name: ori_cutcp, kernel time: 0.892480 ms
2024-01-07 11:24:36 - [INFO] kernel name: ori_cutcp, id: 2 is destroyed!
2024-01-07 11:24:36 - [INFO] kernel name: ori_fft, id: 3 is executing ...
2024-01-07 11:24:36 - [INFO] kernel name: ori_fft, kernel time: 1.531872 ms
2024-01-07 11:24:36 - [INFO] id: 3 is destroyed!
2024-01-07 11:24:36 - [INFO] kernel name: ori_lbm, id: 4 is executing ...
2024-01-07 11:24:36 - [INFO] kernel name: ori_lbm, kernel time: 0.719968 ms
2024-01-07 11:24:36 - [INFO] id: 4 is destroyed!
2024-01-07 11:24:36 - [INFO] kernel name: ori_mrif, id: 5 is executing ...
2024-01-07 11:28:42 - [INFO] CUDA init complete
2024-01-07 11:28:43 - [INFO] kernel name: ori_cp, id: 1 is executing ...
2024-01-07 11:28:43 - [INFO] kernel name: ori_cp, kernel time: 2.999744 ms
2024-01-07 11:28:43 - [INFO] id: 1 is destroyed!
2024-01-07 11:28:43 - [INFO] kernel name: ori_cutcp, id: 2 is executing ...
2024-01-07 11:28:43 - [INFO] kernel name: ori_cutcp, kernel time: 0.886752 ms
2024-01-07 11:28:43 - [INFO] kernel name: ori_cutcp, id: 2 is destroyed!
2024-01-07 11:28:43 - [INFO] kernel name: ori_fft, id: 3 is executing ...
2024-01-07 11:28:43 - [INFO] kernel name: ori_fft, kernel time: 1.533216 ms
2024-01-07 11:28:43 - [INFO] id: 3 is destroyed!
2024-01-07 11:28:43 - [INFO] kernel name: ori_lbm, id: 4 is executing ...
2024-01-07 11:28:43 - [INFO] kernel name: ori_lbm, kernel time: 0.722976 ms
2024-01-07 11:28:43 - [INFO] id: 4 is destroyed!
2024-01-07 11:28:43 - [INFO] kernel name: ori_mrif, id: 5 is executing ...
2024-01-07 11:28:43 - [INFO] kernel name: ori_mrif, kernel time: 1.349888 ms
2024-01-07 11:28:43 - [INFO] id: 5 is destroyed!
2024-01-07 11:28:43 - [INFO] kernel name: cp_fft, kernel time: 3.906368 ms
2024-01-07 11:28:43 - [INFO] id: 14 is destroyed!
2024-01-07 11:28:43 - [INFO] kernel name: gptb_fft, id: 14 is destroyed!
2024-01-07 11:28:43 - [INFO] id: 9 is destroyed!
2024-01-07 11:28:43 - [INFO] kernel name: gptb_cp, id: 12 is destroyed!
2024-01-07 11:28:43 - [INFO] id: 10 is destroyed!
2024-01-07 11:28:43 - [INFO] kernel name: cutcp_fft, kernel time: 1.641440 ms
2024-01-07 11:28:43 - [INFO] id: 15 is destroyed!
2024-01-07 11:28:43 - [INFO] kernel name: gptb_fft, id: 15 is destroyed!
2024-01-07 11:28:43 - [INFO] id: 11 is destroyed!
2024-01-07 11:28:43 - [INFO] kernel name: gptb_cutcp, id: 13 is destroyed!
2024-01-07 11:28:43 - [INFO] kernel name: ori_cutcp, id: 8 is destroyed!
2024-01-07 11:28:43 - [INFO] kernel name: gptb_lbm, id: 16 is executing ...
2024-01-07 11:28:43 - [INFO] kernel name: gptb_lbm, kernel time: 0.772000 ms
2024-01-07 11:28:43 - [INFO] kernel name: gptb_lbm, id: 16 is destroyed!
2024-01-07 11:28:43 - [INFO] id: 16 is destroyed!
2024-01-07 11:28:43 - [INFO] kernel name: gptb_mrif, id: 17 is executing ...
2024-01-07 11:28:43 - [INFO] kernel name: gptb_mrif, kernel time: 1.434144 ms
2024-01-07 11:28:43 - [INFO] kernel name: gptb_mrif, id: 17 is destroyed!
2024-01-07 11:28:43 - [INFO] id: 17 is destroyed!
2024-01-07 11:28:43 - [INFO] task name: Task5, id: 5 is destroyed!
2024-01-07 11:28:43 - [INFO] task name: Task4, id: 4 is destroyed!
2024-01-07 11:28:43 - [INFO] task name: Task1, id: 1 is destroyed!
2024-01-07 11:28:43 - [INFO] Tacker exit
2024-01-07 15:07:11 - [INFO] CUDA init complete
2024-01-07 15:07:12 - [INFO] kernel name: ori_cp, id: 1 is executing ...
2024-01-07 15:07:12 - [INFO] kernel name: ori_cp, kernel time: 3.072832 ms
2024-01-07 15:07:12 - [INFO] id: 1 is destroyed!
2024-01-07 15:07:12 - [INFO] kernel name: ori_cutcp, id: 2 is executing ...
2024-01-07 15:07:12 - [INFO] kernel name: ori_cutcp, kernel time: 0.878624 ms
2024-01-07 15:07:12 - [INFO] kernel name: ori_cutcp, id: 2 is destroyed!
2024-01-07 15:07:12 - [INFO] kernel name: ori_fft, id: 3 is executing ...
2024-01-07 15:07:12 - [INFO] kernel name: ori_fft, kernel time: 1.529504 ms
2024-01-07 15:07:12 - [INFO] id: 3 is destroyed!
2024-01-07 15:07:12 - [INFO] kernel name: ori_lbm, id: 4 is executing ...
2024-01-07 15:07:12 - [INFO] kernel name: ori_lbm, kernel time: 0.728000 ms
2024-01-07 15:07:12 - [INFO] id: 4 is destroyed!
2024-01-07 15:07:12 - [INFO] kernel name: ori_mrif, id: 5 is executing ...
2024-01-07 15:07:12 - [INFO] kernel name: ori_mrif, kernel time: 1.350368 ms
2024-01-07 15:07:12 - [INFO] id: 5 is destroyed!
2024-01-07 15:07:12 - [INFO] kernel name: cp_fft, kernel time: 3.907072 ms
2024-01-07 15:07:12 - [INFO] id: 14 is destroyed!
2024-01-07 15:07:12 - [INFO] kernel name: gptb_fft, id: 14 is destroyed!
2024-01-07 15:07:12 - [INFO] id: 9 is destroyed!
2024-01-07 15:07:12 - [INFO] kernel name: gptb_cp, id: 12 is destroyed!
2024-01-07 15:07:12 - [INFO] id: 10 is destroyed!
2024-01-07 15:07:12 - [INFO] kernel name: cutcp_fft, kernel time: 1.639840 ms
2024-01-07 15:07:12 - [INFO] id: 15 is destroyed!
2024-01-07 15:07:12 - [INFO] kernel name: gptb_fft, id: 15 is destroyed!
2024-01-07 15:07:12 - [INFO] id: 11 is destroyed!
2024-01-07 15:07:12 - [INFO] kernel name: gptb_cutcp, id: 13 is destroyed!
2024-01-07 15:07:12 - [INFO] kernel name: ori_cutcp, id: 8 is destroyed!
2024-01-07 15:07:12 - [INFO] kernel name: gptb_lbm, id: 16 is executing ...
2024-01-07 15:07:12 - [INFO] kernel name: gptb_lbm, kernel time: 0.745984 ms
2024-01-07 15:07:12 - [INFO] kernel name: gptb_lbm, id: 16 is destroyed!
2024-01-07 15:07:12 - [INFO] id: 16 is destroyed!
2024-01-07 15:07:12 - [INFO] kernel name: gptb_mrif, id: 17 is executing ...
2024-01-07 15:07:12 - [INFO] kernel name: gptb_mrif, kernel time: 0.628128 ms
2024-01-07 15:07:12 - [INFO] kernel name: gptb_mrif, id: 17 is destroyed!
2024-01-07 15:07:12 - [INFO] id: 17 is destroyed!
2024-01-07 15:07:12 - [INFO] kernel name: gptb_mriq, id: 18 is executing ...
2024-01-07 15:09:36 - [INFO] CUDA init complete
2024-01-07 15:09:37 - [INFO] kernel name: ori_cp, id: 1 is executing ...
2024-01-07 15:09:37 - [INFO] kernel name: ori_cp, kernel time: 3.072736 ms
2024-01-07 15:09:37 - [INFO] id: 1 is destroyed!
2024-01-07 15:09:37 - [INFO] kernel name: ori_cutcp, id: 2 is executing ...
2024-01-07 15:09:37 - [INFO] kernel name: ori_cutcp, kernel time: 0.882496 ms
2024-01-07 15:09:37 - [INFO] kernel name: ori_cutcp, id: 2 is destroyed!
2024-01-07 15:09:37 - [INFO] kernel name: ori_fft, id: 3 is executing ...
2024-01-07 15:09:37 - [INFO] kernel name: ori_fft, kernel time: 1.533472 ms
2024-01-07 15:09:37 - [INFO] id: 3 is destroyed!
2024-01-07 15:09:37 - [INFO] kernel name: ori_lbm, id: 4 is executing ...
2024-01-07 15:09:37 - [INFO] kernel name: ori_lbm, kernel time: 0.716640 ms
2024-01-07 15:09:37 - [INFO] id: 4 is destroyed!
2024-01-07 15:09:37 - [INFO] kernel name: ori_mrif, id: 5 is executing ...
2024-01-07 15:09:37 - [INFO] kernel name: ori_mrif, kernel time: 1.347872 ms
2024-01-07 15:09:37 - [INFO] id: 5 is destroyed!
2024-01-07 15:09:37 - [INFO] kernel name: cp_fft, kernel time: 3.923488 ms
2024-01-07 15:09:37 - [INFO] id: 14 is destroyed!
2024-01-07 15:09:37 - [INFO] kernel name: gptb_fft, id: 14 is destroyed!
2024-01-07 15:09:37 - [INFO] id: 9 is destroyed!
2024-01-07 15:09:37 - [INFO] kernel name: gptb_cp, id: 12 is destroyed!
2024-01-07 15:09:37 - [INFO] id: 10 is destroyed!
2024-01-07 15:09:37 - [INFO] kernel name: cutcp_fft, kernel time: 1.644480 ms
2024-01-07 15:09:37 - [INFO] id: 15 is destroyed!
2024-01-07 15:09:37 - [INFO] kernel name: gptb_fft, id: 15 is destroyed!
2024-01-07 15:09:37 - [INFO] id: 11 is destroyed!
2024-01-07 15:09:37 - [INFO] kernel name: gptb_cutcp, id: 13 is destroyed!
2024-01-07 15:09:37 - [INFO] kernel name: ori_cutcp, id: 8 is destroyed!
2024-01-07 15:09:37 - [INFO] kernel name: gptb_lbm, id: 16 is executing ...
2024-01-07 15:09:37 - [INFO] kernel name: gptb_lbm, kernel time: 0.762240 ms
2024-01-07 15:09:37 - [INFO] kernel name: gptb_lbm, id: 16 is destroyed!
2024-01-07 15:09:37 - [INFO] id: 16 is destroyed!
2024-01-07 15:09:37 - [INFO] kernel name: gptb_mrif, id: 17 is executing ...
2024-01-07 15:09:37 - [INFO] kernel name: gptb_mrif, kernel time: 0.628224 ms
2024-01-07 15:09:37 - [INFO] kernel name: gptb_mrif, id: 17 is destroyed!
2024-01-07 15:09:37 - [INFO] id: 17 is destroyed!
2024-01-07 15:09:37 - [INFO] kernel name: gptb_mriq, id: 18 is executing ...
2024-01-07 15:09:37 - [INFO] kernel name: gptb_mriq, kernel time: 1.787616 ms
2024-01-07 15:09:37 - [INFO] kernel name: gptb_mriq, id: 18 is destroyed!
2024-01-07 15:09:37 - [INFO] id: 18 is destroyed!
2024-01-07 15:09:38 - [INFO] task name: Task5, id: 5 is destroyed!
2024-01-07 15:09:38 - [INFO] task name: Task4, id: 4 is destroyed!
2024-01-07 15:09:38 - [INFO] task name: Task1, id: 1 is destroyed!
2024-01-07 15:09:38 - [INFO] Tacker exit
2024-01-07 15:25:37 - [INFO] CUDA init complete
2024-01-07 15:25:38 - [INFO] kernel name: ori_cp, id: 1 is executing ...
2024-01-07 15:25:38 - [INFO] kernel name: ori_cp, kernel time: 3.063808 ms
2024-01-07 15:25:38 - [INFO] id: 1 is destroyed!
2024-01-07 15:25:38 - [INFO] kernel name: ori_cutcp, id: 2 is executing ...
2024-01-07 15:25:38 - [INFO] kernel name: ori_cutcp, kernel time: 0.884128 ms
2024-01-07 15:25:38 - [INFO] kernel name: ori_cutcp, id: 2 is destroyed!
2024-01-07 15:25:38 - [INFO] kernel name: ori_fft, id: 3 is executing ...
2024-01-07 15:25:38 - [INFO] kernel name: ori_fft, kernel time: 1.532032 ms
2024-01-07 15:25:38 - [INFO] id: 3 is destroyed!
2024-01-07 15:25:38 - [INFO] kernel name: ori_lbm, id: 4 is executing ...
2024-01-07 15:25:38 - [INFO] kernel name: ori_lbm, kernel time: 0.721888 ms
2024-01-07 15:25:38 - [INFO] id: 4 is destroyed!
2024-01-07 15:25:38 - [INFO] kernel name: ori_mrif, id: 5 is executing ...
2024-01-07 15:25:38 - [INFO] kernel name: ori_mrif, kernel time: 1.352576 ms
2024-01-07 15:25:38 - [INFO] id: 5 is destroyed!
2024-01-07 15:25:38 - [INFO] kernel name: cp_fft, kernel time: 3.927520 ms
2024-01-07 15:25:38 - [INFO] id: 14 is destroyed!
2024-01-07 15:25:38 - [INFO] kernel name: gptb_fft, id: 14 is destroyed!
2024-01-07 15:25:38 - [INFO] id: 9 is destroyed!
2024-01-07 15:25:38 - [INFO] kernel name: gptb_cp, id: 12 is destroyed!
2024-01-07 15:25:38 - [INFO] id: 10 is destroyed!
2024-01-07 15:25:38 - [INFO] kernel name: cutcp_fft, kernel time: 1.641056 ms
2024-01-07 15:25:38 - [INFO] id: 15 is destroyed!
2024-01-07 15:25:38 - [INFO] kernel name: gptb_fft, id: 15 is destroyed!
2024-01-07 15:25:38 - [INFO] id: 11 is destroyed!
2024-01-07 15:25:38 - [INFO] kernel name: gptb_cutcp, id: 13 is destroyed!
2024-01-07 15:25:38 - [INFO] kernel name: ori_cutcp, id: 8 is destroyed!
2024-01-07 15:25:38 - [INFO] kernel name: gptb_lbm, id: 16 is executing ...
2024-01-07 15:25:38 - [INFO] kernel name: gptb_lbm, kernel time: 0.758336 ms
2024-01-07 15:25:38 - [INFO] kernel name: gptb_lbm, id: 16 is destroyed!
2024-01-07 15:25:38 - [INFO] id: 16 is destroyed!
2024-01-07 15:25:38 - [INFO] kernel name: gptb_mrif, id: 17 is executing ...
2024-01-07 15:25:38 - [INFO] kernel name: gptb_mrif, kernel time: 0.618464 ms
2024-01-07 15:25:38 - [INFO] kernel name: gptb_mrif, id: 17 is destroyed!
2024-01-07 15:25:38 - [INFO] id: 17 is destroyed!
2024-01-07 15:25:38 - [INFO] kernel name: gptb_mriq, id: 18 is executing ...
2024-01-07 15:25:38 - [INFO] kernel name: gptb_mriq, kernel time: 1.768640 ms
2024-01-07 15:25:38 - [INFO] kernel name: gptb_mriq, id: 18 is destroyed!
2024-01-07 15:25:38 - [INFO] id: 18 is destroyed!
2024-01-07 15:25:38 - [INFO] task name: Task5, id: 5 is destroyed!
2024-01-07 15:25:38 - [INFO] task name: Task4, id: 4 is destroyed!
2024-01-07 15:25:38 - [INFO] task name: Task1, id: 1 is destroyed!
2024-01-07 15:25:38 - [INFO] Tacker exit
2024-01-07 15:29:56 - [INFO] CUDA init complete
2024-01-07 15:29:57 - [INFO] kernel name: ori_cp, id: 1 is executing ...
2024-01-07 15:29:57 - [INFO] kernel name: ori_cp, kernel time: 3.027328 ms
2024-01-07 15:29:57 - [INFO] id: 1 is destroyed!
2024-01-07 15:29:57 - [INFO] kernel name: ori_cutcp, id: 2 is executing ...
2024-01-07 15:29:57 - [INFO] kernel name: ori_cutcp, kernel time: 0.900032 ms
2024-01-07 15:29:57 - [INFO] kernel name: ori_cutcp, id: 2 is destroyed!
2024-01-07 15:29:57 - [INFO] kernel name: ori_fft, id: 3 is executing ...
2024-01-07 15:29:57 - [INFO] kernel name: ori_fft, kernel time: 1.534176 ms
2024-01-07 15:29:57 - [INFO] id: 3 is destroyed!
2024-01-07 15:29:57 - [INFO] kernel name: ori_lbm, id: 4 is executing ...
2024-01-07 15:29:57 - [INFO] kernel name: ori_lbm, kernel time: 0.721024 ms
2024-01-07 15:29:57 - [INFO] id: 4 is destroyed!
2024-01-07 15:29:57 - [INFO] kernel name: ori_mrif, id: 5 is executing ...
2024-01-07 15:29:57 - [INFO] kernel name: ori_mrif, kernel time: 1.345056 ms
2024-01-07 15:29:57 - [INFO] id: 5 is destroyed!
2024-01-07 15:29:57 - [INFO] kernel name: cp_fft, kernel time: 3.911872 ms
2024-01-07 15:29:57 - [INFO] id: 14 is destroyed!
2024-01-07 15:29:57 - [INFO] kernel name: gptb_fft, id: 14 is destroyed!
2024-01-07 15:29:57 - [INFO] id: 9 is destroyed!
2024-01-07 15:29:57 - [INFO] kernel name: gptb_cp, id: 12 is destroyed!
2024-01-07 15:29:57 - [INFO] id: 10 is destroyed!
2024-01-07 15:29:57 - [INFO] kernel name: cutcp_fft, kernel time: 1.643872 ms
2024-01-07 15:29:57 - [INFO] id: 15 is destroyed!
2024-01-07 15:29:57 - [INFO] kernel name: gptb_fft, id: 15 is destroyed!
2024-01-07 15:29:57 - [INFO] id: 11 is destroyed!
2024-01-07 15:29:57 - [INFO] kernel name: gptb_cutcp, id: 13 is destroyed!
2024-01-07 15:29:57 - [INFO] kernel name: ori_cutcp, id: 8 is destroyed!
2024-01-07 15:29:57 - [INFO] kernel name: gptb_lbm, id: 16 is executing ...
2024-01-07 15:29:57 - [INFO] kernel name: gptb_lbm, kernel time: 0.771168 ms
2024-01-07 15:29:57 - [INFO] kernel name: gptb_lbm, id: 16 is destroyed!
2024-01-07 15:29:57 - [INFO] id: 16 is destroyed!
2024-01-07 15:29:57 - [INFO] kernel name: gptb_mrif, id: 17 is executing ...
2024-01-07 15:29:57 - [INFO] kernel name: gptb_mrif, kernel time: 0.619168 ms
2024-01-07 15:29:57 - [INFO] kernel name: gptb_mrif, id: 17 is destroyed!
2024-01-07 15:29:57 - [INFO] id: 17 is destroyed!
2024-01-07 15:29:57 - [INFO] task name: Task5, id: 5 is destroyed!
2024-01-07 15:29:57 - [INFO] task name: Task4, id: 4 is destroyed!
2024-01-07 15:29:57 - [INFO] task name: Task1, id: 1 is destroyed!
2024-01-07 15:29:57 - [INFO] Tacker exit
2024-01-07 15:44:22 - [INFO] CUDA init complete
2024-01-07 15:44:23 - [INFO] kernel name: ori_cp, id: 1 is executing ...
2024-01-07 15:44:23 - [INFO] kernel name: ori_cp, kernel time: 2.996384 ms
2024-01-07 15:44:23 - [INFO] id: 1 is destroyed!
2024-01-07 15:44:23 - [INFO] kernel name: ori_cutcp, id: 2 is executing ...
2024-01-07 15:44:23 - [INFO] kernel name: ori_cutcp, kernel time: 0.871712 ms
2024-01-07 15:44:23 - [INFO] kernel name: ori_cutcp, id: 2 is destroyed!
2024-01-07 15:44:23 - [INFO] kernel name: ori_fft, id: 3 is executing ...
2024-01-07 15:44:23 - [INFO] kernel name: ori_fft, kernel time: 1.532096 ms
2024-01-07 15:44:23 - [INFO] id: 3 is destroyed!
2024-01-07 15:44:23 - [INFO] kernel name: ori_lbm, id: 4 is executing ...
2024-01-07 15:44:23 - [INFO] kernel name: ori_lbm, kernel time: 0.721312 ms
2024-01-07 15:44:23 - [INFO] id: 4 is destroyed!
2024-01-07 15:44:23 - [INFO] kernel name: ori_mrif, id: 5 is executing ...
2024-01-07 15:44:23 - [INFO] kernel name: ori_mrif, kernel time: 1.350272 ms
2024-01-07 15:44:23 - [INFO] id: 5 is destroyed!
2024-01-07 15:44:23 - [INFO] kernel name: ori_mriq, id: 6 is executing ...
2024-01-07 15:44:23 - [INFO] kernel name: ori_mriq, kernel time: 1.534720 ms
2024-01-07 15:44:23 - [INFO] id: 6 is destroyed!
2024-01-07 15:44:23 - [INFO] kernel name: cp_fft, kernel time: 3.900992 ms
2024-01-07 15:44:23 - [INFO] id: 14 is destroyed!
2024-01-07 15:44:23 - [INFO] kernel name: gptb_fft, id: 14 is destroyed!
2024-01-07 15:44:23 - [INFO] id: 9 is destroyed!
2024-01-07 15:44:23 - [INFO] kernel name: gptb_cp, id: 12 is destroyed!
2024-01-07 15:44:23 - [INFO] id: 10 is destroyed!
2024-01-07 15:44:23 - [INFO] kernel name: cutcp_fft, kernel time: 1.641504 ms
2024-01-07 15:44:23 - [INFO] id: 15 is destroyed!
2024-01-07 15:44:23 - [INFO] kernel name: gptb_fft, id: 15 is destroyed!
2024-01-07 15:44:23 - [INFO] id: 11 is destroyed!
2024-01-07 15:44:23 - [INFO] kernel name: gptb_cutcp, id: 13 is destroyed!
2024-01-07 15:44:23 - [INFO] kernel name: ori_cutcp, id: 8 is destroyed!
2024-01-07 15:44:23 - [INFO] kernel name: gptb_lbm, id: 16 is executing ...
2024-01-07 15:44:23 - [INFO] kernel name: gptb_lbm, kernel time: 0.766208 ms
2024-01-07 15:44:23 - [INFO] kernel name: gptb_lbm, id: 16 is destroyed!
2024-01-07 15:44:23 - [INFO] id: 16 is destroyed!
2024-01-07 15:44:23 - [INFO] kernel name: gptb_mrif, id: 17 is executing ...
2024-01-07 15:44:23 - [INFO] kernel name: gptb_mrif, kernel time: 0.620992 ms
2024-01-07 15:44:23 - [INFO] kernel name: gptb_mrif, id: 17 is destroyed!
2024-01-07 15:44:23 - [INFO] id: 17 is destroyed!
2024-01-07 15:44:24 - [INFO] task name: Task5, id: 5 is destroyed!
2024-01-07 15:44:24 - [INFO] task name: Task4, id: 4 is destroyed!
2024-01-07 15:44:24 - [INFO] task name: Task1, id: 1 is destroyed!
2024-01-07 15:44:24 - [INFO] Tacker exit
2024-01-07 15:56:27 - [INFO] CUDA init complete
2024-01-07 15:56:28 - [INFO] kernel name: ori_cp, id: 1 is executing ...
2024-01-07 15:56:28 - [INFO] kernel name: ori_cp, kernel time: 3.018624 ms
2024-01-07 15:56:28 - [INFO] id: 1 is destroyed!
2024-01-07 15:56:28 - [INFO] kernel name: ori_cutcp, id: 2 is executing ...
2024-01-07 15:56:28 - [INFO] kernel name: ori_cutcp, kernel time: 0.880640 ms
2024-01-07 15:56:28 - [INFO] kernel name: ori_cutcp, id: 2 is destroyed!
2024-01-07 15:56:28 - [INFO] kernel name: ori_fft, id: 3 is executing ...
2024-01-07 15:56:28 - [INFO] kernel name: ori_fft, kernel time: 1.520352 ms
2024-01-07 15:56:28 - [INFO] id: 3 is destroyed!
2024-01-07 15:56:28 - [INFO] kernel name: ori_lbm, id: 4 is executing ...
2024-01-07 15:56:28 - [INFO] kernel name: ori_lbm, kernel time: 0.718976 ms
2024-01-07 15:56:28 - [INFO] id: 4 is destroyed!
2024-01-07 15:56:28 - [INFO] kernel name: ori_mrif, id: 5 is executing ...
2024-01-07 15:56:28 - [INFO] kernel name: ori_mrif, kernel time: 1.350464 ms
2024-01-07 15:56:28 - [INFO] id: 5 is destroyed!
2024-01-07 15:56:28 - [INFO] kernel name: ori_mriq, id: 6 is executing ...
2024-01-07 15:56:28 - [INFO] kernel name: ori_mriq, kernel time: 1.525760 ms
2024-01-07 15:56:28 - [INFO] id: 6 is destroyed!
2024-01-07 15:56:28 - [INFO] kernel name: cp_fft, kernel time: 3.899680 ms
2024-01-07 15:56:28 - [INFO] id: 14 is destroyed!
2024-01-07 15:56:28 - [INFO] kernel name: gptb_fft, id: 14 is destroyed!
2024-01-07 15:56:28 - [INFO] id: 9 is destroyed!
2024-01-07 15:56:28 - [INFO] kernel name: gptb_cp, id: 12 is destroyed!
2024-01-07 15:56:28 - [INFO] id: 10 is destroyed!
2024-01-07 15:56:28 - [INFO] kernel name: cutcp_fft, kernel time: 1.636832 ms
2024-01-07 15:56:28 - [INFO] id: 15 is destroyed!
2024-01-07 15:56:28 - [INFO] kernel name: gptb_fft, id: 15 is destroyed!
2024-01-07 15:56:28 - [INFO] id: 11 is destroyed!
2024-01-07 15:56:28 - [INFO] kernel name: gptb_cutcp, id: 13 is destroyed!
2024-01-07 15:56:28 - [INFO] kernel name: ori_cutcp, id: 8 is destroyed!
2024-01-07 15:56:28 - [INFO] kernel name: gptb_lbm, id: 16 is executing ...
2024-01-07 15:56:28 - [INFO] kernel name: gptb_lbm, kernel time: 0.729376 ms
2024-01-07 15:56:28 - [INFO] kernel name: gptb_lbm, id: 16 is destroyed!
2024-01-07 15:56:28 - [INFO] id: 16 is destroyed!
2024-01-07 15:56:28 - [INFO] kernel name: gptb_mrif, id: 17 is executing ...
2024-01-07 15:56:28 - [INFO] kernel name: gptb_mrif, kernel time: 0.615456 ms
2024-01-07 15:56:28 - [INFO] kernel name: gptb_mrif, id: 17 is destroyed!
2024-01-07 15:56:28 - [INFO] id: 17 is destroyed!
2024-01-07 15:56:28 - [INFO] kernel name: gptb_mriq, id: 18 is executing ...
2024-01-07 15:56:28 - [INFO] kernel name: gptb_mriq, kernel time: 1.767232 ms
2024-01-07 15:56:28 - [INFO] kernel name: gptb_mriq, id: 18 is destroyed!
2024-01-07 15:56:28 - [INFO] id: 18 is destroyed!
2024-01-07 15:56:28 - [INFO] task name: Task5, id: 5 is destroyed!
2024-01-07 15:56:28 - [INFO] task name: Task4, id: 4 is destroyed!
2024-01-07 15:56:28 - [INFO] task name: Task1, id: 1 is destroyed!
2024-01-07 15:56:28 - [INFO] Tacker exit
2024-01-07 15:56:42 - [INFO] CUDA init complete
2024-01-07 15:56:43 - [INFO] kernel name: ori_cp, id: 1 is executing ...
2024-01-07 15:56:43 - [INFO] kernel name: ori_cp, kernel time: 3.024640 ms
2024-01-07 15:56:43 - [INFO] id: 1 is destroyed!
2024-01-07 15:56:43 - [INFO] kernel name: ori_cutcp, id: 2 is executing ...
2024-01-07 15:56:43 - [INFO] kernel name: ori_cutcp, kernel time: 0.874848 ms
2024-01-07 15:56:43 - [INFO] kernel name: ori_cutcp, id: 2 is destroyed!
2024-01-07 15:56:43 - [INFO] kernel name: ori_fft, id: 3 is executing ...
2024-01-07 15:56:43 - [INFO] kernel name: ori_fft, kernel time: 1.536800 ms
2024-01-07 15:56:43 - [INFO] id: 3 is destroyed!
2024-01-07 15:56:43 - [INFO] kernel name: ori_lbm, id: 4 is executing ...
2024-01-07 15:56:43 - [INFO] kernel name: ori_lbm, kernel time: 0.724896 ms
2024-01-07 15:56:43 - [INFO] id: 4 is destroyed!
2024-01-07 15:56:43 - [INFO] kernel name: ori_mrif, id: 5 is executing ...
2024-01-07 15:56:43 - [INFO] kernel name: ori_mrif, kernel time: 1.352416 ms
2024-01-07 15:56:43 - [INFO] id: 5 is destroyed!
2024-01-07 15:56:43 - [INFO] kernel name: ori_mriq, id: 6 is executing ...
2024-01-07 15:56:43 - [INFO] kernel name: ori_mriq, kernel time: 1.533856 ms
2024-01-07 15:56:43 - [INFO] id: 6 is destroyed!
2024-01-07 15:56:43 - [INFO] kernel name: cp_fft, kernel time: 3.909568 ms
2024-01-07 15:56:43 - [INFO] id: 14 is destroyed!
2024-01-07 15:56:43 - [INFO] kernel name: gptb_fft, id: 14 is destroyed!
2024-01-07 15:56:43 - [INFO] id: 9 is destroyed!
2024-01-07 15:56:43 - [INFO] kernel name: gptb_cp, id: 12 is destroyed!
2024-01-07 15:56:43 - [INFO] id: 10 is destroyed!
2024-01-07 15:56:43 - [INFO] kernel name: cutcp_fft, kernel time: 1.635744 ms
2024-01-07 15:56:43 - [INFO] id: 15 is destroyed!
2024-01-07 15:56:43 - [INFO] kernel name: gptb_fft, id: 15 is destroyed!
2024-01-07 15:56:43 - [INFO] id: 11 is destroyed!
2024-01-07 15:56:43 - [INFO] kernel name: gptb_cutcp, id: 13 is destroyed!
2024-01-07 15:56:43 - [INFO] kernel name: ori_cutcp, id: 8 is destroyed!
2024-01-07 15:56:43 - [INFO] kernel name: gptb_lbm, id: 16 is executing ...
2024-01-07 15:56:43 - [INFO] kernel name: gptb_lbm, kernel time: 0.742528 ms
2024-01-07 15:56:43 - [INFO] kernel name: gptb_lbm, id: 16 is destroyed!
2024-01-07 15:56:43 - [INFO] id: 16 is destroyed!
2024-01-07 15:56:43 - [INFO] kernel name: gptb_mrif, id: 17 is executing ...
2024-01-07 15:56:43 - [INFO] kernel name: gptb_mrif, kernel time: 0.633248 ms
2024-01-07 15:56:43 - [INFO] kernel name: gptb_mrif, id: 17 is destroyed!
2024-01-07 15:56:43 - [INFO] id: 17 is destroyed!
2024-01-07 15:56:43 - [INFO] kernel name: gptb_mriq, id: 18 is executing ...
2024-01-07 15:56:43 - [INFO] kernel name: gptb_mriq, kernel time: 1.790400 ms
2024-01-07 15:56:43 - [INFO] kernel name: gptb_mriq, id: 18 is destroyed!
2024-01-07 15:56:43 - [INFO] id: 18 is destroyed!
2024-01-07 15:56:44 - [INFO] task name: Task5, id: 5 is destroyed!
2024-01-07 15:56:44 - [INFO] task name: Task4, id: 4 is destroyed!
2024-01-07 15:56:44 - [INFO] task name: Task1, id: 1 is destroyed!
2024-01-07 15:56:44 - [INFO] Tacker exit
2024-01-07 16:09:08 - [INFO] CUDA init complete
2024-01-07 16:09:09 - [INFO] kernel name: ori_cp, id: 1 is executing ...
2024-01-07 16:09:09 - [INFO] kernel name: ori_cp, kernel time: 3.021568 ms
2024-01-07 16:09:09 - [INFO] id: 1 is destroyed!
2024-01-07 16:09:09 - [INFO] kernel name: ori_cutcp, id: 2 is executing ...
2024-01-07 16:09:09 - [INFO] kernel name: ori_cutcp, kernel time: 0.876064 ms
2024-01-07 16:09:09 - [INFO] kernel name: ori_cutcp, id: 2 is destroyed!
2024-01-07 16:09:09 - [INFO] kernel name: ori_fft, id: 3 is executing ...
2024-01-07 16:09:09 - [INFO] kernel name: ori_fft, kernel time: 1.532992 ms
2024-01-07 16:09:09 - [INFO] id: 3 is destroyed!
2024-01-07 16:09:09 - [INFO] kernel name: ori_lbm, id: 4 is executing ...
2024-01-07 16:09:09 - [INFO] kernel name: ori_lbm, kernel time: 0.719616 ms
2024-01-07 16:09:09 - [INFO] id: 4 is destroyed!
2024-01-07 16:09:09 - [INFO] kernel name: ori_mrif, id: 5 is executing ...
2024-01-07 16:09:09 - [INFO] kernel name: ori_mrif, kernel time: 1.351744 ms
2024-01-07 16:09:09 - [INFO] id: 5 is destroyed!
2024-01-07 16:09:09 - [INFO] kernel name: ori_mriq, id: 6 is executing ...
2024-01-07 16:09:09 - [INFO] kernel name: ori_mriq, kernel time: 1.531488 ms
2024-01-07 16:09:09 - [INFO] id: 6 is destroyed!
2024-01-07 16:09:09 - [INFO] kernel name: cp_fft, kernel time: 3.901600 ms
2024-01-07 16:09:09 - [INFO] id: 14 is destroyed!
2024-01-07 16:09:09 - [INFO] kernel name: gptb_fft, id: 14 is destroyed!
2024-01-07 16:09:09 - [INFO] id: 9 is destroyed!
2024-01-07 16:09:09 - [INFO] kernel name: gptb_cp, id: 12 is destroyed!
2024-01-07 16:09:09 - [INFO] id: 10 is destroyed!
2024-01-07 16:09:09 - [INFO] kernel name: cutcp_fft, kernel time: 1.640896 ms
2024-01-07 16:09:09 - [INFO] id: 15 is destroyed!
2024-01-07 16:09:09 - [INFO] kernel name: gptb_fft, id: 15 is destroyed!
2024-01-07 16:09:09 - [INFO] id: 11 is destroyed!
2024-01-07 16:09:09 - [INFO] kernel name: gptb_cutcp, id: 13 is destroyed!
2024-01-07 16:09:09 - [INFO] kernel name: ori_cutcp, id: 8 is destroyed!
2024-01-07 16:09:09 - [INFO] kernel name: gptb_lbm, id: 16 is executing ...
2024-01-07 16:09:09 - [INFO] kernel name: gptb_lbm, kernel time: 0.764224 ms
2024-01-07 16:09:09 - [INFO] kernel name: gptb_lbm, id: 16 is destroyed!
2024-01-07 16:09:09 - [INFO] id: 16 is destroyed!
2024-01-07 16:09:09 - [INFO] kernel name: gptb_mrif, id: 17 is executing ...
2024-01-07 16:09:09 - [INFO] kernel name: gptb_mrif, kernel time: 1.427776 ms
2024-01-07 16:09:09 - [INFO] kernel name: gptb_mrif, id: 17 is destroyed!
2024-01-07 16:09:09 - [INFO] id: 17 is destroyed!
2024-01-07 16:09:09 - [INFO] kernel name: gptb_mriq, id: 18 is executing ...
2024-01-07 16:09:09 - [INFO] kernel name: gptb_mriq, kernel time: 1.767616 ms
2024-01-07 16:09:09 - [INFO] kernel name: gptb_mriq, id: 18 is destroyed!
2024-01-07 16:09:09 - [INFO] id: 18 is destroyed!
2024-01-07 16:09:10 - [INFO] task name: Task5, id: 5 is destroyed!
2024-01-07 16:09:10 - [INFO] task name: Task4, id: 4 is destroyed!
2024-01-07 16:09:10 - [INFO] task name: Task1, id: 1 is destroyed!
2024-01-07 16:09:10 - [INFO] Tacker exit
2024-01-07 16:10:13 - [INFO] CUDA init complete
2024-01-07 16:10:14 - [INFO] kernel name: ori_cp, id: 1 is executing ...
2024-01-07 16:10:14 - [INFO] kernel name: ori_cp, kernel time: 3.022400 ms
2024-01-07 16:10:14 - [INFO] id: 1 is destroyed!
2024-01-07 16:10:14 - [INFO] kernel name: ori_cutcp, id: 2 is executing ...
2024-01-07 16:10:14 - [INFO] kernel name: ori_cutcp, kernel time: 0.873504 ms
2024-01-07 16:10:14 - [INFO] kernel name: ori_cutcp, id: 2 is destroyed!
2024-01-07 16:10:14 - [INFO] kernel name: ori_fft, id: 3 is executing ...
2024-01-07 16:10:14 - [INFO] kernel name: ori_fft, kernel time: 1.530880 ms
2024-01-07 16:10:14 - [INFO] id: 3 is destroyed!
2024-01-07 16:10:14 - [INFO] kernel name: ori_lbm, id: 4 is executing ...
2024-01-07 16:10:14 - [INFO] kernel name: ori_lbm, kernel time: 0.716320 ms
2024-01-07 16:10:14 - [INFO] id: 4 is destroyed!
2024-01-07 16:10:14 - [INFO] kernel name: ori_mrif, id: 5 is executing ...
2024-01-07 16:10:14 - [INFO] kernel name: ori_mrif, kernel time: 1.349888 ms
2024-01-07 16:10:14 - [INFO] id: 5 is destroyed!
2024-01-07 16:10:14 - [INFO] kernel name: ori_mriq, id: 6 is executing ...
2024-01-07 16:10:14 - [INFO] kernel name: ori_mriq, kernel time: 1.535104 ms
2024-01-07 16:10:14 - [INFO] id: 6 is destroyed!
2024-01-07 16:10:14 - [INFO] kernel name: cp_fft, kernel time: 3.904320 ms
2024-01-07 16:10:14 - [INFO] id: 14 is destroyed!
2024-01-07 16:10:14 - [INFO] kernel name: gptb_fft, id: 14 is destroyed!
2024-01-07 16:10:14 - [INFO] id: 9 is destroyed!
2024-01-07 16:10:14 - [INFO] kernel name: gptb_cp, id: 12 is destroyed!
2024-01-07 16:10:14 - [INFO] id: 10 is destroyed!
2024-01-07 16:10:14 - [INFO] kernel name: cutcp_fft, kernel time: 1.643104 ms
2024-01-07 16:10:14 - [INFO] id: 15 is destroyed!
2024-01-07 16:10:14 - [INFO] kernel name: gptb_fft, id: 15 is destroyed!
2024-01-07 16:10:14 - [INFO] id: 11 is destroyed!
2024-01-07 16:10:14 - [INFO] kernel name: gptb_cutcp, id: 13 is destroyed!
2024-01-07 16:10:14 - [INFO] kernel name: ori_cutcp, id: 8 is destroyed!
2024-01-07 16:10:14 - [INFO] kernel name: gptb_lbm, id: 16 is executing ...
2024-01-07 16:10:14 - [INFO] kernel name: gptb_lbm, kernel time: 0.721344 ms
2024-01-07 16:10:14 - [INFO] kernel name: gptb_lbm, id: 16 is destroyed!
2024-01-07 16:10:14 - [INFO] id: 16 is destroyed!
2024-01-07 16:10:14 - [INFO] kernel name: gptb_mrif, id: 17 is executing ...
2024-01-07 16:10:14 - [INFO] kernel name: gptb_mrif, kernel time: 1.434048 ms
2024-01-07 16:10:14 - [INFO] kernel name: gptb_mrif, id: 17 is destroyed!
2024-01-07 16:10:14 - [INFO] id: 17 is destroyed!
2024-01-07 16:10:14 - [INFO] kernel name: gptb_mriq, id: 18 is executing ...
2024-01-07 16:10:14 - [INFO] kernel name: gptb_mriq, kernel time: 1.768736 ms
2024-01-07 16:10:14 - [INFO] kernel name: gptb_mriq, id: 18 is destroyed!
2024-01-07 16:10:14 - [INFO] id: 18 is destroyed!
2024-01-07 16:10:14 - [INFO] task name: Task5, id: 5 is destroyed!
2024-01-07 16:10:14 - [INFO] task name: Task4, id: 4 is destroyed!
2024-01-07 16:10:14 - [INFO] task name: Task1, id: 1 is destroyed!
2024-01-07 16:10:15 - [INFO] Tacker exit
2024-01-07 16:11:25 - [INFO] CUDA init complete
2024-01-07 16:11:26 - [INFO] kernel name: ori_cp, id: 1 is executing ...
2024-01-07 16:11:26 - [INFO] kernel name: ori_cp, kernel time: 3.021120 ms
2024-01-07 16:11:26 - [INFO] id: 1 is destroyed!
2024-01-07 16:11:26 - [INFO] kernel name: ori_cutcp, id: 2 is executing ...
2024-01-07 16:11:26 - [INFO] kernel name: ori_cutcp, kernel time: 0.870496 ms
2024-01-07 16:11:26 - [INFO] kernel name: ori_cutcp, id: 2 is destroyed!
2024-01-07 16:11:26 - [INFO] kernel name: ori_fft, id: 3 is executing ...
2024-01-07 16:11:26 - [INFO] kernel name: ori_fft, kernel time: 1.533056 ms
2024-01-07 16:11:26 - [INFO] id: 3 is destroyed!
2024-01-07 16:11:26 - [INFO] kernel name: ori_lbm, id: 4 is executing ...
2024-01-07 16:11:26 - [INFO] kernel name: ori_lbm, kernel time: 0.724480 ms
2024-01-07 16:11:26 - [INFO] id: 4 is destroyed!
2024-01-07 16:11:26 - [INFO] kernel name: ori_mrif, id: 5 is executing ...
2024-01-07 16:11:26 - [INFO] kernel name: ori_mrif, kernel time: 1.351040 ms
2024-01-07 16:11:26 - [INFO] id: 5 is destroyed!
2024-01-07 16:11:26 - [INFO] kernel name: ori_mriq, id: 6 is executing ...
2024-01-07 16:11:26 - [INFO] kernel name: ori_mriq, kernel time: 1.531616 ms
2024-01-07 16:11:26 - [INFO] id: 6 is destroyed!
2024-01-07 16:11:26 - [INFO] kernel name: cp_fft, kernel time: 3.916640 ms
2024-01-07 16:11:26 - [INFO] id: 14 is destroyed!
2024-01-07 16:11:26 - [INFO] kernel name: gptb_fft, id: 14 is destroyed!
2024-01-07 16:11:26 - [INFO] id: 9 is destroyed!
2024-01-07 16:11:26 - [INFO] kernel name: gptb_cp, id: 12 is destroyed!
2024-01-07 16:11:26 - [INFO] id: 10 is destroyed!
2024-01-07 16:11:26 - [INFO] kernel name: cutcp_fft, kernel time: 1.644480 ms
2024-01-07 16:11:26 - [INFO] id: 15 is destroyed!
2024-01-07 16:11:26 - [INFO] kernel name: gptb_fft, id: 15 is destroyed!
2024-01-07 16:11:26 - [INFO] id: 11 is destroyed!
2024-01-07 16:11:26 - [INFO] kernel name: gptb_cutcp, id: 13 is destroyed!
2024-01-07 16:11:26 - [INFO] kernel name: ori_cutcp, id: 8 is destroyed!
2024-01-07 16:11:26 - [INFO] kernel name: gptb_lbm, id: 16 is executing ...
2024-01-07 16:11:26 - [INFO] kernel name: gptb_lbm, kernel time: 0.742304 ms
2024-01-07 16:11:26 - [INFO] kernel name: gptb_lbm, id: 16 is destroyed!
2024-01-07 16:11:26 - [INFO] id: 16 is destroyed!
2024-01-07 16:11:26 - [INFO] kernel name: gptb_mrif, id: 17 is executing ...
2024-01-07 16:11:26 - [INFO] kernel name: gptb_mrif, kernel time: 0.619776 ms
2024-01-07 16:11:26 - [INFO] kernel name: gptb_mrif, id: 17 is destroyed!
2024-01-07 16:11:26 - [INFO] id: 17 is destroyed!
2024-01-07 16:11:26 - [INFO] kernel name: gptb_mriq, id: 18 is executing ...
2024-01-07 16:11:26 - [INFO] kernel name: gptb_mriq, kernel time: 1.761024 ms
2024-01-07 16:11:26 - [INFO] kernel name: gptb_mriq, id: 18 is destroyed!
2024-01-07 16:11:26 - [INFO] id: 18 is destroyed!
2024-01-07 16:11:26 - [INFO] task name: Task5, id: 5 is destroyed!
2024-01-07 16:11:26 - [INFO] task name: Task4, id: 4 is destroyed!
2024-01-07 16:11:26 - [INFO] task name: Task1, id: 1 is destroyed!
2024-01-07 16:11:26 - [INFO] Tacker exit
2024-01-07 16:13:10 - [INFO] CUDA init complete
2024-01-07 16:13:11 - [INFO] kernel name: ori_cp, id: 1 is executing ...
2024-01-07 16:13:11 - [INFO] kernel name: ori_cp, kernel time: 3.034784 ms
2024-01-07 16:13:11 - [INFO] id: 1 is destroyed!
2024-01-07 16:13:11 - [INFO] kernel name: ori_cutcp, id: 2 is executing ...
2024-01-07 16:13:11 - [INFO] kernel name: ori_cutcp, kernel time: 0.874240 ms
2024-01-07 16:13:11 - [INFO] kernel name: ori_cutcp, id: 2 is destroyed!
2024-01-07 16:13:11 - [INFO] kernel name: ori_fft, id: 3 is executing ...
2024-01-07 16:13:11 - [INFO] kernel name: ori_fft, kernel time: 1.537472 ms
2024-01-07 16:13:11 - [INFO] id: 3 is destroyed!
2024-01-07 16:13:11 - [INFO] kernel name: ori_lbm, id: 4 is executing ...
2024-01-07 16:13:11 - [INFO] kernel name: ori_lbm, kernel time: 0.725696 ms
2024-01-07 16:13:11 - [INFO] id: 4 is destroyed!
2024-01-07 16:13:11 - [INFO] kernel name: ori_mrif, id: 5 is executing ...
2024-01-07 16:13:11 - [INFO] kernel name: ori_mrif, kernel time: 1.356608 ms
2024-01-07 16:13:11 - [INFO] id: 5 is destroyed!
2024-01-07 16:13:11 - [INFO] kernel name: ori_mriq, id: 6 is executing ...
2024-01-07 16:13:11 - [INFO] kernel name: ori_mriq, kernel time: 1.535040 ms
2024-01-07 16:13:11 - [INFO] id: 6 is destroyed!
2024-01-07 16:13:11 - [INFO] kernel name: cp_fft, kernel time: 3.902048 ms
2024-01-07 16:13:11 - [INFO] id: 14 is destroyed!
2024-01-07 16:13:11 - [INFO] kernel name: gptb_fft, id: 14 is destroyed!
2024-01-07 16:13:11 - [INFO] id: 9 is destroyed!
2024-01-07 16:13:11 - [INFO] kernel name: gptb_cp, id: 12 is destroyed!
2024-01-07 16:13:11 - [INFO] id: 10 is destroyed!
2024-01-07 16:13:11 - [INFO] kernel name: cutcp_fft, kernel time: 1.641856 ms
2024-01-07 16:13:11 - [INFO] id: 15 is destroyed!
2024-01-07 16:13:11 - [INFO] kernel name: gptb_fft, id: 15 is destroyed!
2024-01-07 16:13:11 - [INFO] id: 11 is destroyed!
2024-01-07 16:13:11 - [INFO] kernel name: gptb_cutcp, id: 13 is destroyed!
2024-01-07 16:13:11 - [INFO] kernel name: ori_cutcp, id: 8 is destroyed!
2024-01-07 16:13:11 - [INFO] kernel name: gptb_lbm, id: 16 is executing ...
2024-01-07 16:13:11 - [INFO] kernel name: gptb_lbm, kernel time: 0.733440 ms
2024-01-07 16:13:11 - [INFO] kernel name: gptb_lbm, id: 16 is destroyed!
2024-01-07 16:13:11 - [INFO] id: 16 is destroyed!
2024-01-07 16:13:11 - [INFO] kernel name: gptb_mrif, id: 17 is executing ...
2024-01-07 16:13:11 - [INFO] kernel name: gptb_mrif, kernel time: 0.621024 ms
2024-01-07 16:13:11 - [INFO] kernel name: gptb_mrif, id: 17 is destroyed!
2024-01-07 16:13:11 - [INFO] id: 17 is destroyed!
2024-01-07 16:13:11 - [INFO] kernel name: gptb_mriq, id: 18 is executing ...
2024-01-07 16:13:11 - [INFO] kernel name: gptb_mriq, kernel time: 1.769600 ms
2024-01-07 16:13:11 - [INFO] kernel name: gptb_mriq, id: 18 is destroyed!
2024-01-07 16:13:11 - [INFO] id: 18 is destroyed!
2024-01-07 16:13:11 - [INFO] task name: Task5, id: 5 is destroyed!
2024-01-07 16:13:11 - [INFO] task name: Task4, id: 4 is destroyed!
2024-01-07 16:13:11 - [INFO] task name: Task1, id: 1 is destroyed!
2024-01-07 16:13:11 - [INFO] Tacker exit
2024-01-07 16:34:23 - [INFO] CUDA init complete
2024-01-07 16:34:24 - [INFO] kernel name: ori_cp, id: 1 is executing ...
2024-01-07 16:34:24 - [INFO] kernel name: ori_cp, kernel time: 3.422144 ms
2024-01-07 16:34:24 - [INFO] id: 1 is destroyed!
2024-01-07 16:34:24 - [INFO] kernel name: ori_cutcp, id: 2 is executing ...
2024-01-07 16:34:24 - [INFO] kernel name: ori_cutcp, kernel time: 0.872480 ms
2024-01-07 16:34:24 - [INFO] kernel name: ori_cutcp, id: 2 is destroyed!
2024-01-07 16:34:24 - [INFO] kernel name: ori_fft, id: 3 is executing ...
2024-01-07 16:34:24 - [INFO] kernel name: ori_fft, kernel time: 1.532096 ms
2024-01-07 16:34:24 - [INFO] id: 3 is destroyed!
2024-01-07 16:34:24 - [INFO] kernel name: ori_lbm, id: 4 is executing ...
2024-01-07 16:34:24 - [INFO] kernel name: ori_lbm, kernel time: 0.715520 ms
2024-01-07 16:34:24 - [INFO] id: 4 is destroyed!
2024-01-07 16:34:24 - [INFO] kernel name: ori_mrif, id: 5 is executing ...
2024-01-07 16:34:24 - [INFO] kernel name: ori_mrif, kernel time: 1.348288 ms
2024-01-07 16:34:24 - [INFO] id: 5 is destroyed!
2024-01-07 16:34:24 - [INFO] kernel name: ori_mriq, id: 6 is executing ...
2024-01-07 16:34:24 - [INFO] kernel name: ori_mriq, kernel time: 1.532704 ms
2024-01-07 16:34:24 - [INFO] id: 6 is destroyed!
2024-01-07 16:34:24 - [INFO] kernel name: cp_fft, kernel time: 3.916672 ms
2024-01-07 16:34:24 - [INFO] id: 14 is destroyed!
2024-01-07 16:34:24 - [INFO] kernel name: gptb_fft, id: 14 is destroyed!
2024-01-07 16:34:24 - [INFO] id: 9 is destroyed!
2024-01-07 16:34:24 - [INFO] kernel name: gptb_cp, id: 12 is destroyed!
2024-01-07 16:34:24 - [INFO] id: 10 is destroyed!
2024-01-07 16:34:25 - [INFO] kernel name: cutcp_fft, kernel time: 1.663424 ms
2024-01-07 16:34:25 - [INFO] id: 15 is destroyed!
2024-01-07 16:34:25 - [INFO] kernel name: gptb_fft, id: 15 is destroyed!
2024-01-07 16:34:25 - [INFO] id: 11 is destroyed!
2024-01-07 16:34:25 - [INFO] kernel name: gptb_cutcp, id: 13 is destroyed!
2024-01-07 16:34:25 - [INFO] kernel name: ori_cutcp, id: 8 is destroyed!
2024-01-07 16:34:25 - [INFO] kernel name: gptb_lbm, id: 16 is executing ...
2024-01-07 16:34:25 - [INFO] kernel name: gptb_lbm, kernel time: 0.737344 ms
2024-01-07 16:34:25 - [INFO] kernel name: gptb_lbm, id: 16 is destroyed!
2024-01-07 16:34:25 - [INFO] id: 16 is destroyed!
2024-01-07 16:34:25 - [INFO] kernel name: gptb_mrif, id: 17 is executing ...
2024-01-07 16:34:25 - [INFO] kernel name: gptb_mrif, kernel time: 1.443904 ms
2024-01-07 16:34:25 - [INFO] kernel name: gptb_mrif, id: 17 is destroyed!
2024-01-07 16:34:25 - [INFO] id: 17 is destroyed!
2024-01-07 16:34:25 - [INFO] kernel name: gptb_mriq, id: 18 is executing ...
2024-01-07 16:34:25 - [INFO] kernel name: gptb_mriq, kernel time: 1.785696 ms
2024-01-07 16:34:25 - [INFO] kernel name: gptb_mriq, id: 18 is destroyed!
2024-01-07 16:34:25 - [INFO] id: 18 is destroyed!
2024-01-07 16:34:25 - [INFO] task name: Task5, id: 5 is destroyed!
2024-01-07 16:34:25 - [INFO] task name: Task4, id: 4 is destroyed!
2024-01-07 16:34:25 - [INFO] task name: Task1, id: 1 is destroyed!
2024-01-07 16:34:25 - [INFO] Tacker exit
2024-01-07 16:35:08 - [INFO] CUDA init complete
2024-01-07 16:35:09 - [INFO] kernel name: ori_cp, id: 1 is executing ...
2024-01-07 16:35:09 - [INFO] kernel name: ori_cp, kernel time: 3.027168 ms
2024-01-07 16:35:09 - [INFO] id: 1 is destroyed!
2024-01-07 16:35:09 - [INFO] kernel name: ori_cutcp, id: 2 is executing ...
2024-01-07 16:35:09 - [INFO] kernel name: ori_cutcp, kernel time: 0.867296 ms
2024-01-07 16:35:09 - [INFO] kernel name: ori_cutcp, id: 2 is destroyed!
2024-01-07 16:35:09 - [INFO] kernel name: ori_fft, id: 3 is executing ...
2024-01-07 16:35:09 - [INFO] kernel name: ori_fft, kernel time: 1.530496 ms
2024-01-07 16:35:09 - [INFO] id: 3 is destroyed!
2024-01-07 16:35:09 - [INFO] kernel name: ori_lbm, id: 4 is executing ...
2024-01-07 16:35:09 - [INFO] kernel name: ori_lbm, kernel time: 0.720096 ms
2024-01-07 16:35:09 - [INFO] id: 4 is destroyed!
2024-01-07 16:35:09 - [INFO] kernel name: ori_mrif, id: 5 is executing ...
2024-01-07 16:35:09 - [INFO] kernel name: ori_mrif, kernel time: 1.351168 ms
2024-01-07 16:35:09 - [INFO] id: 5 is destroyed!
2024-01-07 16:35:09 - [INFO] kernel name: ori_mriq, id: 6 is executing ...
2024-01-07 16:35:09 - [INFO] kernel name: ori_mriq, kernel time: 1.531872 ms
2024-01-07 16:35:09 - [INFO] id: 6 is destroyed!
2024-01-07 16:35:09 - [INFO] kernel name: cp_fft, kernel time: 3.916672 ms
2024-01-07 16:35:09 - [INFO] id: 14 is destroyed!
2024-01-07 16:35:09 - [INFO] kernel name: gptb_fft, id: 14 is destroyed!
2024-01-07 16:35:09 - [INFO] id: 9 is destroyed!
2024-01-07 16:35:09 - [INFO] kernel name: gptb_cp, id: 12 is destroyed!
2024-01-07 16:35:09 - [INFO] id: 10 is destroyed!
2024-01-07 16:35:09 - [INFO] kernel name: cutcp_fft, kernel time: 1.642816 ms
2024-01-07 16:35:09 - [INFO] id: 15 is destroyed!
2024-01-07 16:35:09 - [INFO] kernel name: gptb_fft, id: 15 is destroyed!
2024-01-07 16:35:09 - [INFO] id: 11 is destroyed!
2024-01-07 16:35:09 - [INFO] kernel name: gptb_cutcp, id: 13 is destroyed!
2024-01-07 16:35:09 - [INFO] kernel name: ori_cutcp, id: 8 is destroyed!
2024-01-07 16:35:09 - [INFO] kernel name: gptb_lbm, id: 16 is executing ...
2024-01-07 16:35:09 - [INFO] kernel name: gptb_lbm, kernel time: 0.743424 ms
2024-01-07 16:35:09 - [INFO] kernel name: gptb_lbm, id: 16 is destroyed!
2024-01-07 16:35:09 - [INFO] id: 16 is destroyed!
2024-01-07 16:35:09 - [INFO] kernel name: gptb_mrif, id: 17 is executing ...
2024-01-07 16:35:09 - [INFO] kernel name: gptb_mrif, kernel time: 0.617952 ms
2024-01-07 16:35:09 - [INFO] kernel name: gptb_mrif, id: 17 is destroyed!
2024-01-07 16:35:09 - [INFO] id: 17 is destroyed!
2024-01-07 16:35:09 - [INFO] kernel name: gptb_mriq, id: 18 is executing ...
2024-01-07 16:35:09 - [INFO] kernel name: gptb_mriq, kernel time: 1.767168 ms
2024-01-07 16:35:09 - [INFO] kernel name: gptb_mriq, id: 18 is destroyed!
2024-01-07 16:35:09 - [INFO] id: 18 is destroyed!
2024-01-07 16:35:09 - [INFO] task name: Task5, id: 5 is destroyed!
2024-01-07 16:35:09 - [INFO] task name: Task4, id: 4 is destroyed!
2024-01-07 16:35:09 - [INFO] task name: Task1, id: 1 is destroyed!
2024-01-07 16:35:10 - [INFO] Tacker exit
2024-01-07 16:37:35 - [INFO] CUDA init complete
2024-01-07 16:37:36 - [INFO] kernel name: ori_cp, id: 1 is executing ...
2024-01-07 16:37:36 - [INFO] kernel name: ori_cp, kernel time: 3.021312 ms
2024-01-07 16:37:36 - [INFO] id: 1 is destroyed!
2024-01-07 16:37:36 - [INFO] kernel name: ori_cutcp, id: 2 is executing ...
2024-01-07 16:37:36 - [INFO] kernel name: ori_cutcp, kernel time: 0.866720 ms
2024-01-07 16:37:36 - [INFO] kernel name: ori_cutcp, id: 2 is destroyed!
2024-01-07 16:37:36 - [INFO] kernel name: ori_fft, id: 3 is executing ...
2024-01-07 16:37:36 - [INFO] kernel name: ori_fft, kernel time: 1.532000 ms
2024-01-07 16:37:36 - [INFO] id: 3 is destroyed!
2024-01-07 16:37:36 - [INFO] kernel name: ori_lbm, id: 4 is executing ...
2024-01-07 16:37:36 - [INFO] kernel name: ori_lbm, kernel time: 0.729248 ms
2024-01-07 16:37:36 - [INFO] id: 4 is destroyed!
2024-01-07 16:37:36 - [INFO] kernel name: ori_mrif, id: 5 is executing ...
2024-01-07 16:37:36 - [INFO] kernel name: ori_mrif, kernel time: 1.349888 ms
2024-01-07 16:37:36 - [INFO] id: 5 is destroyed!
2024-01-07 16:37:36 - [INFO] kernel name: ori_mriq, id: 6 is executing ...
2024-01-07 16:37:36 - [INFO] kernel name: ori_mriq, kernel time: 4.233280 ms
2024-01-07 16:37:36 - [INFO] id: 6 is destroyed!
2024-01-07 16:37:36 - [INFO] kernel name: cp_fft, kernel time: 3.915968 ms
2024-01-07 16:37:36 - [INFO] id: 14 is destroyed!
2024-01-07 16:37:36 - [INFO] kernel name: gptb_fft, id: 14 is destroyed!
2024-01-07 16:37:36 - [INFO] id: 9 is destroyed!
2024-01-07 16:37:36 - [INFO] kernel name: gptb_cp, id: 12 is destroyed!
2024-01-07 16:37:36 - [INFO] id: 10 is destroyed!
2024-01-07 16:37:36 - [INFO] kernel name: cutcp_fft, kernel time: 1.638752 ms
2024-01-07 16:37:36 - [INFO] id: 15 is destroyed!
2024-01-07 16:37:36 - [INFO] kernel name: gptb_fft, id: 15 is destroyed!
2024-01-07 16:37:36 - [INFO] id: 11 is destroyed!
2024-01-07 16:37:36 - [INFO] kernel name: gptb_cutcp, id: 13 is destroyed!
2024-01-07 16:37:36 - [INFO] kernel name: ori_cutcp, id: 8 is destroyed!
2024-01-07 16:37:36 - [INFO] kernel name: gptb_lbm, id: 16 is executing ...
2024-01-07 16:37:36 - [INFO] kernel name: gptb_lbm, kernel time: 0.756832 ms
2024-01-07 16:37:36 - [INFO] kernel name: gptb_lbm, id: 16 is destroyed!
2024-01-07 16:37:36 - [INFO] id: 16 is destroyed!
2024-01-07 16:37:36 - [INFO] kernel name: gptb_mrif, id: 17 is executing ...
2024-01-07 16:37:36 - [INFO] kernel name: gptb_mrif, kernel time: 1.428416 ms
2024-01-07 16:37:36 - [INFO] kernel name: gptb_mrif, id: 17 is destroyed!
2024-01-07 16:37:36 - [INFO] id: 17 is destroyed!
2024-01-07 16:37:36 - [INFO] kernel name: gptb_mriq, id: 18 is executing ...
2024-01-07 16:37:36 - [INFO] kernel name: gptb_mriq, kernel time: 4.529984 ms
2024-01-07 16:37:36 - [INFO] kernel name: gptb_mriq, id: 18 is destroyed!
2024-01-07 16:37:36 - [INFO] id: 18 is destroyed!
2024-01-07 16:37:36 - [INFO] task name: Task5, id: 5 is destroyed!
2024-01-07 16:37:36 - [INFO] task name: Task4, id: 4 is destroyed!
2024-01-07 16:37:36 - [INFO] task name: Task1, id: 1 is destroyed!
2024-01-07 16:37:37 - [INFO] Tacker exit
2024-01-07 16:39:51 - [INFO] CUDA init complete
2024-01-07 16:39:52 - [INFO] kernel name: ori_cp, id: 1 is executing ...
2024-01-07 16:39:52 - [INFO] kernel name: ori_cp, kernel time: 3.033056 ms
2024-01-07 16:39:52 - [INFO] id: 1 is destroyed!
2024-01-07 16:39:52 - [INFO] kernel name: ori_cutcp, id: 2 is executing ...
2024-01-07 16:39:52 - [INFO] kernel name: ori_cutcp, kernel time: 0.878016 ms
2024-01-07 16:39:52 - [INFO] kernel name: ori_cutcp, id: 2 is destroyed!
2024-01-07 16:39:52 - [INFO] kernel name: ori_fft, id: 3 is executing ...
2024-01-07 16:39:52 - [INFO] kernel name: ori_fft, kernel time: 1.533408 ms
2024-01-07 16:39:52 - [INFO] id: 3 is destroyed!
2024-01-07 16:39:52 - [INFO] kernel name: ori_lbm, id: 4 is executing ...
2024-01-07 16:39:52 - [INFO] kernel name: ori_lbm, kernel time: 0.721728 ms
2024-01-07 16:39:52 - [INFO] id: 4 is destroyed!
2024-01-07 16:39:52 - [INFO] kernel name: ori_mrif, id: 5 is executing ...
2024-01-07 16:39:52 - [INFO] kernel name: ori_mrif, kernel time: 1.345472 ms
2024-01-07 16:39:52 - [INFO] id: 5 is destroyed!
2024-01-07 16:39:52 - [INFO] kernel name: ori_mriq, id: 6 is executing ...
2024-01-07 16:39:52 - [INFO] kernel name: ori_mriq, kernel time: 1.532064 ms
2024-01-07 16:39:52 - [INFO] id: 6 is destroyed!
2024-01-07 16:39:52 - [INFO] kernel name: cp_fft, kernel time: 3.903104 ms
2024-01-07 16:39:52 - [INFO] id: 14 is destroyed!
2024-01-07 16:39:52 - [INFO] kernel name: gptb_fft, id: 14 is destroyed!
2024-01-07 16:39:52 - [INFO] id: 9 is destroyed!
2024-01-07 16:39:52 - [INFO] kernel name: gptb_cp, id: 12 is destroyed!
2024-01-07 16:39:52 - [INFO] id: 10 is destroyed!
2024-01-07 16:39:52 - [INFO] kernel name: cutcp_fft, kernel time: 1.641088 ms
2024-01-07 16:39:52 - [INFO] id: 15 is destroyed!
2024-01-07 16:39:52 - [INFO] kernel name: gptb_fft, id: 15 is destroyed!
2024-01-07 16:39:52 - [INFO] id: 11 is destroyed!
2024-01-07 16:39:52 - [INFO] kernel name: gptb_cutcp, id: 13 is destroyed!
2024-01-07 16:39:52 - [INFO] kernel name: ori_cutcp, id: 8 is destroyed!
2024-01-07 16:39:52 - [INFO] kernel name: gptb_lbm, id: 16 is executing ...
2024-01-07 16:39:52 - [INFO] kernel name: gptb_lbm, kernel time: 0.763296 ms
2024-01-07 16:39:52 - [INFO] kernel name: gptb_lbm, id: 16 is destroyed!
2024-01-07 16:39:52 - [INFO] id: 16 is destroyed!
2024-01-07 16:39:52 - [INFO] kernel name: gptb_mrif, id: 17 is executing ...
2024-01-07 16:39:52 - [INFO] kernel name: gptb_mrif, kernel time: 1.432640 ms
2024-01-07 16:39:52 - [INFO] kernel name: gptb_mrif, id: 17 is destroyed!
2024-01-07 16:39:52 - [INFO] id: 17 is destroyed!
2024-01-07 16:39:52 - [INFO] kernel name: gptb_mriq, id: 18 is executing ...
2024-01-07 16:39:52 - [INFO] kernel name: gptb_mriq, kernel time: 1.761408 ms
2024-01-07 16:39:52 - [INFO] kernel name: gptb_mriq, id: 18 is destroyed!
2024-01-07 16:39:52 - [INFO] id: 18 is destroyed!
2024-01-07 16:39:52 - [INFO] task name: Task5, id: 5 is destroyed!
2024-01-07 16:39:52 - [INFO] task name: Task4, id: 4 is destroyed!
2024-01-07 16:39:52 - [INFO] task name: Task1, id: 1 is destroyed!
2024-01-07 16:39:52 - [INFO] Tacker exit
2024-01-07 20:44:06 - [INFO] CUDA init complete
2024-01-07 20:44:07 - [INFO] kernel name: ori_cp, id: 1 is executing ...
2024-01-07 20:44:07 - [INFO] kernel name: ori_cp, kernel time: 2.999648 ms
2024-01-07 20:44:07 - [INFO] id: 1 is destroyed!
2024-01-07 20:44:07 - [INFO] kernel name: ori_cutcp, id: 2 is executing ...
2024-01-07 20:44:07 - [INFO] kernel name: ori_cutcp, kernel time: 0.879488 ms
2024-01-07 20:44:07 - [INFO] kernel name: ori_cutcp, id: 2 is destroyed!
2024-01-07 20:44:07 - [INFO] kernel name: ori_fft, id: 3 is executing ...
2024-01-07 20:44:07 - [INFO] kernel name: ori_fft, kernel time: 1.528992 ms
2024-01-07 20:44:07 - [INFO] id: 3 is destroyed!
2024-01-07 20:44:07 - [INFO] kernel name: ori_lbm, id: 4 is executing ...
2024-01-07 20:44:07 - [INFO] kernel name: ori_lbm, kernel time: 0.727456 ms
2024-01-07 20:44:07 - [INFO] id: 4 is destroyed!
2024-01-07 20:44:07 - [INFO] kernel name: ori_mrif, id: 5 is executing ...
2024-01-07 20:44:07 - [INFO] kernel name: ori_mrif, kernel time: 1.348128 ms
2024-01-07 20:44:07 - [INFO] id: 5 is destroyed!
2024-01-07 20:44:07 - [INFO] kernel name: ori_mriq, id: 6 is executing ...
2024-01-07 20:44:07 - [INFO] kernel name: ori_mriq, kernel time: 1.532800 ms
2024-01-07 20:44:07 - [INFO] id: 6 is destroyed!
2024-01-07 20:44:07 - [INFO] kernel name: ori_sgemm, id: 7 is executing ...
2024-01-07 20:46:47 - [INFO] CUDA init complete
2024-01-07 20:46:48 - [INFO] kernel name: ori_cp, id: 1 is executing ...
2024-01-07 20:46:48 - [INFO] kernel name: ori_cp, kernel time: 3.017856 ms
2024-01-07 20:46:48 - [INFO] id: 1 is destroyed!
2024-01-07 20:46:48 - [INFO] kernel name: ori_cutcp, id: 2 is executing ...
2024-01-07 20:46:48 - [INFO] kernel name: ori_cutcp, kernel time: 0.875488 ms
2024-01-07 20:46:48 - [INFO] kernel name: ori_cutcp, id: 2 is destroyed!
2024-01-07 20:46:48 - [INFO] kernel name: ori_fft, id: 3 is executing ...
2024-01-07 20:46:48 - [INFO] kernel name: ori_fft, kernel time: 1.528800 ms
2024-01-07 20:46:48 - [INFO] id: 3 is destroyed!
2024-01-07 20:46:48 - [INFO] kernel name: ori_lbm, id: 4 is executing ...
2024-01-07 20:46:48 - [INFO] kernel name: ori_lbm, kernel time: 0.726144 ms
2024-01-07 20:46:48 - [INFO] id: 4 is destroyed!
2024-01-07 20:46:48 - [INFO] kernel name: ori_mrif, id: 5 is executing ...
2024-01-07 20:46:48 - [INFO] kernel name: ori_mrif, kernel time: 1.349760 ms
2024-01-07 20:46:48 - [INFO] id: 5 is destroyed!
2024-01-07 20:46:48 - [INFO] kernel name: ori_mriq, id: 6 is executing ...
2024-01-07 20:46:48 - [INFO] kernel name: ori_mriq, kernel time: 1.530368 ms
2024-01-07 20:46:48 - [INFO] id: 6 is destroyed!
2024-01-07 20:46:48 - [INFO] kernel name: ori_sgemm, id: 7 is executing ...
2024-01-07 20:47:41 - [INFO] CUDA init complete
2024-01-07 20:47:42 - [INFO] kernel name: ori_cp, id: 1 is executing ...
2024-01-07 20:47:42 - [INFO] kernel name: ori_cp, kernel time: 3.007232 ms
2024-01-07 20:47:42 - [INFO] id: 1 is destroyed!
2024-01-07 20:47:42 - [INFO] kernel name: ori_cutcp, id: 2 is executing ...
2024-01-07 20:47:42 - [INFO] kernel name: ori_cutcp, kernel time: 0.870688 ms
2024-01-07 20:47:42 - [INFO] kernel name: ori_cutcp, id: 2 is destroyed!
2024-01-07 20:47:42 - [INFO] kernel name: ori_fft, id: 3 is executing ...
2024-01-07 20:47:42 - [INFO] kernel name: ori_fft, kernel time: 1.531200 ms
2024-01-07 20:47:42 - [INFO] id: 3 is destroyed!
2024-01-07 20:47:42 - [INFO] kernel name: ori_lbm, id: 4 is executing ...
2024-01-07 20:47:42 - [INFO] kernel name: ori_lbm, kernel time: 0.716992 ms
2024-01-07 20:47:42 - [INFO] id: 4 is destroyed!
2024-01-07 20:47:42 - [INFO] kernel name: ori_mrif, id: 5 is executing ...
2024-01-07 20:47:42 - [INFO] kernel name: ori_mrif, kernel time: 1.350560 ms
2024-01-07 20:47:42 - [INFO] id: 5 is destroyed!
2024-01-07 20:47:42 - [INFO] kernel name: ori_mriq, id: 6 is executing ...
2024-01-07 20:47:42 - [INFO] kernel name: ori_mriq, kernel time: 1.530624 ms
2024-01-07 20:47:42 - [INFO] id: 6 is destroyed!
2024-01-07 20:47:42 - [INFO] kernel name: ori_sgemm, id: 7 is executing ...
2024-01-07 20:47:51 - [INFO] CUDA init complete
2024-01-07 20:47:52 - [INFO] kernel name: ori_cp, id: 1 is executing ...
2024-01-07 20:47:52 - [INFO] kernel name: ori_cp, kernel time: 3.007008 ms
2024-01-07 20:47:52 - [INFO] id: 1 is destroyed!
2024-01-07 20:47:52 - [INFO] kernel name: ori_cutcp, id: 2 is executing ...
2024-01-07 20:47:52 - [INFO] kernel name: ori_cutcp, kernel time: 0.886432 ms
2024-01-07 20:47:52 - [INFO] kernel name: ori_cutcp, id: 2 is destroyed!
2024-01-07 20:47:52 - [INFO] kernel name: ori_fft, id: 3 is executing ...
2024-01-07 20:47:52 - [INFO] kernel name: ori_fft, kernel time: 1.546368 ms
2024-01-07 20:47:52 - [INFO] id: 3 is destroyed!
2024-01-07 20:47:52 - [INFO] kernel name: ori_lbm, id: 4 is executing ...
2024-01-07 20:47:52 - [INFO] kernel name: ori_lbm, kernel time: 0.720512 ms
2024-01-07 20:47:52 - [INFO] id: 4 is destroyed!
2024-01-07 20:47:52 - [INFO] kernel name: ori_mrif, id: 5 is executing ...
2024-01-07 20:47:52 - [INFO] kernel name: ori_mrif, kernel time: 1.342688 ms
2024-01-07 20:47:52 - [INFO] id: 5 is destroyed!
2024-01-07 20:47:52 - [INFO] kernel name: ori_mriq, id: 6 is executing ...
2024-01-07 20:47:52 - [INFO] kernel name: ori_mriq, kernel time: 1.530720 ms
2024-01-07 20:47:52 - [INFO] id: 6 is destroyed!
2024-01-07 20:47:52 - [INFO] kernel name: ori_sgemm, id: 7 is executing ...
2024-01-07 20:55:03 - [INFO] CUDA init complete
2024-01-07 20:55:04 - [INFO] kernel name: ori_cp, id: 1 is executing ...
2024-01-07 20:55:04 - [INFO] kernel name: ori_cp, kernel time: 3.008832 ms
2024-01-07 20:55:04 - [INFO] id: 1 is destroyed!
2024-01-07 20:55:04 - [INFO] kernel name: ori_cutcp, id: 2 is executing ...
2024-01-07 20:55:04 - [INFO] kernel name: ori_cutcp, kernel time: 0.865856 ms
2024-01-07 20:55:04 - [INFO] kernel name: ori_cutcp, id: 2 is destroyed!
2024-01-07 20:55:04 - [INFO] kernel name: ori_fft, id: 3 is executing ...
2024-01-07 20:55:04 - [INFO] kernel name: ori_fft, kernel time: 1.528768 ms
2024-01-07 20:55:04 - [INFO] id: 3 is destroyed!
2024-01-07 20:55:04 - [INFO] kernel name: ori_lbm, id: 4 is executing ...
2024-01-07 20:55:04 - [INFO] kernel name: ori_lbm, kernel time: 0.721216 ms
2024-01-07 20:55:04 - [INFO] id: 4 is destroyed!
2024-01-07 20:55:04 - [INFO] kernel name: ori_mrif, id: 5 is executing ...
2024-01-07 20:55:04 - [INFO] kernel name: ori_mrif, kernel time: 1.346208 ms
2024-01-07 20:55:04 - [INFO] id: 5 is destroyed!
2024-01-07 20:55:04 - [INFO] kernel name: ori_mriq, id: 6 is executing ...
2024-01-07 20:55:04 - [INFO] kernel name: ori_mriq, kernel time: 1.527840 ms
2024-01-07 20:55:04 - [INFO] id: 6 is destroyed!
2024-01-07 20:55:04 - [INFO] kernel name: ori_sgemm, id: 7 is executing ...
2024-01-07 20:57:08 - [INFO] CUDA init complete
2024-01-07 20:57:10 - [INFO] kernel name: ori_cp, id: 1 is executing ...
2024-01-07 20:57:10 - [INFO] kernel name: ori_cp, kernel time: 3.002528 ms
2024-01-07 20:57:10 - [INFO] id: 1 is destroyed!
2024-01-07 20:57:10 - [INFO] kernel name: ori_cutcp, id: 2 is executing ...
2024-01-07 20:57:10 - [INFO] kernel name: ori_cutcp, kernel time: 0.890880 ms
2024-01-07 20:57:10 - [INFO] kernel name: ori_cutcp, id: 2 is destroyed!
2024-01-07 20:57:10 - [INFO] kernel name: ori_fft, id: 3 is executing ...
2024-01-07 20:57:10 - [INFO] kernel name: ori_fft, kernel time: 1.521664 ms
2024-01-07 20:57:10 - [INFO] id: 3 is destroyed!
2024-01-07 20:57:10 - [INFO] kernel name: ori_lbm, id: 4 is executing ...
2024-01-07 20:57:10 - [INFO] kernel name: ori_lbm, kernel time: 0.717312 ms
2024-01-07 20:57:10 - [INFO] id: 4 is destroyed!
2024-01-07 20:57:10 - [INFO] kernel name: ori_mrif, id: 5 is executing ...
2024-01-07 20:57:10 - [INFO] kernel name: ori_mrif, kernel time: 1.344992 ms
2024-01-07 20:57:10 - [INFO] id: 5 is destroyed!
2024-01-07 20:57:10 - [INFO] kernel name: ori_mriq, id: 6 is executing ...
2024-01-07 20:57:10 - [INFO] kernel name: ori_mriq, kernel time: 1.529888 ms
2024-01-07 20:57:10 - [INFO] id: 6 is destroyed!
2024-01-07 20:57:10 - [INFO] kernel name: ori_sgemm, id: 7 is executing ...
